Source Account,Text,Date,Compound Score,Positive Score,Neutral Score,Negative Score,Tweets Ago
@BBCWorld,'Treated like dogs': Italy's Roma minority on society's fringe https://t.co/vcD57yX2Vt,Fri Jun 29 00:40:19 +0000 2018,0.3612,0.217,0.783,0.0,1
@BBCWorld,"Terrace House: Japan's nice, calm Love Island alternative https://t.co/VbfdD7ncI7",Fri Jun 29 00:27:10 +0000 2018,0.8519,0.608,0.392,0.0,2
@BBCWorld,Africa's week in pictures: 22-28 June 2018 https://t.co/jRuGkbD5oP,Fri Jun 29 00:10:52 +0000 2018,0.0,0.0,1.0,0.0,3
@BBCWorld,Annapolis shooting: How journalists tweeted their ordeal https://t.co/W6ScEGVSB6,Thu Jun 28 22:49:29 +0000 2018,0.0,0.0,1.0,0.0,4
@BBCWorld,"RT @BBCBreaking: Several people dead in shooting at newspaper building in US city of Annapolis in Maryland, officials confirm https://t.co/‚Ä¶",Thu Jun 28 20:44:06 +0000 2018,-0.6486,0.0,0.815,0.185,5
@BBCWorld,"RT @BBCSport: FT: #PAN 1-2 #TUN

33' ‚öΩ Yassine Meriah (OG)
51' ‚öΩ Ben Youssef
66' ‚öΩ Khazri

Tunisia come from behind to take third place in‚Ä¶",Thu Jun 28 19:59:36 +0000 2018,0.0,0.0,1.0,0.0,6
@BBCWorld,"RT @BBCSport: And here it is, your #WorldCup last-16 draw in full...

30th June: 
3pm: #FRA v #ARG
7pm: #URU v #POR 

1st July:
3pm: #ESP v‚Ä¶",Thu Jun 28 19:50:59 +0000 2018,0.0,0.0,1.0,0.0,7
@BBCWorld,"RT @BBCSport: FT: #ENG 0-1 #BEL 

Adnan Januzaj's goal means England finish second in the group.

Reaction: https://t.co/2nqcGRunPa 

#Worl‚Ä¶",Thu Jun 28 19:50:37 +0000 2018,0.0,0.0,1.0,0.0,8
@BBCWorld,Police confirm 'shooting incident' at Maryland newspaper office https://t.co/Q1EiArPbPP,Thu Jun 28 19:43:43 +0000 2018,0.0,0.0,1.0,0.0,9
@BBCWorld,Women fear abortion rights under threat https://t.co/t1YfZwmiE7,Thu Jun 28 18:57:43 +0000 2018,-0.765,0.0,0.431,0.569,10
@BBCWorld,Charlottesville car attack suspect charged with hate crime https://t.co/ROd3zhcLnL,Thu Jun 28 16:42:58 +0000 2018,-0.9231,0.0,0.219,0.781,11
@BBCWorld,In pictures: Despair as Senegal crash out of World Cup https://t.co/ckvsnJJHL9,Thu Jun 28 16:21:29 +0000 2018,-0.6124,0.0,0.643,0.357,12
@BBCWorld,Reality Check: Which countries have military service? https://t.co/wcT7v2ZI0q,Thu Jun 28 16:06:48 +0000 2018,0.0,0.0,1.0,0.0,13
@BBCWorld,"RT @BBCAfrica: For months now, horrific images have been pouring out of Cameroon on social media. Killings. Torture. Villages on fire.

#BB‚Ä¶",Thu Jun 28 16:03:03 +0000 2018,-0.9451,0.0,0.542,0.458,14
@BBCWorld,"RT @BBCAfrica: FT  #SEN 0-1 #COL

Heartbreak for Africa :( 

The continent's last hope is out of the #WorldCup

https://t.co/GGv9T2q7zj

#B‚Ä¶",Thu Jun 28 15:56:37 +0000 2018,-0.5719,0.105,0.655,0.24,15
@BBCWorld,"RT @BBC_HaveYourSay: ü¶Ñ‚òïÔ∏èüöóüåàü§î
https://t.co/RfEUfsup7c",Thu Jun 28 15:26:28 +0000 2018,0.0,0.0,1.0,0.0,16
@BBCWorld,"RT @BBCSport: GOAL!

Jan Bednarek slots in the opener and suddenly, as it stands, Japan are going out! 

#JPN 0-1 #POL 

Live: https://t.co‚Ä¶",Thu Jun 28 15:23:00 +0000 2018,0.0,0.0,1.0,0.0,17
@BBCWorld,Banning the Uluru climb: 'This rock means everything to us' https://t.co/pg9bZZ4Tch,Thu Jun 28 15:16:20 +0000 2018,0.0,0.0,1.0,0.0,18
@BBCWorld,"RT @BBCSport: HT: #SEN 0-0 #COL 

No goals yet with Davinson Sanchez's tackle on Sadio Mane inside the penalty area the main talking point‚Ä¶",Thu Jun 28 14:49:50 +0000 2018,-0.6369,0.0,0.809,0.191,19
@BBCWorld,"RT @BBCSport: HT: #JPN 0-0 #POL 

Poland came closest with a header - other than that, not much has happened, which suits Japan for now!

L‚Ä¶",Thu Jun 28 14:48:42 +0000 2018,0.0,0.0,1.0,0.0,20
@BBCWorld,"RT @BBCNews: Belgium PM @CharlesMichel presents UK PM @theresa_may with Belgian football shirt ahead of #ENGBEL #WorldCup 

https://t.co/cn‚Ä¶",Thu Jun 28 14:18:11 +0000 2018,0.0,0.0,1.0,0.0,21
@BBCWorld,Syria war: Air strike on Deraa shelter kills 17 civilians https://t.co/9rygwWkJis,Thu Jun 28 14:07:47 +0000 2018,-0.836,0.0,0.473,0.527,22
@BBCWorld,Farmer finds prehistoric gold artefacts in Donegal. https://t.co/Ws3NMT0eOA,Thu Jun 28 14:02:58 +0000 2018,0.0,0.0,1.0,0.0,23
@BBCWorld,"RT @BBCSport: #JPNPOL is underway! ‚öΩ

The pressure is off Poland, so will they finish with a flourish?

Or will Japan hold onto top spot?‚Ä¶",Thu Jun 28 14:02:47 +0000 2018,-0.2621,0.065,0.832,0.103,24
@BBCWorld,"RT @BBCSport: KICK-OFF!

#SEN v #COL is underway with both teams potential opponents for #ENG in the last-16 of the #WorldCup

Follow the a‚Ä¶",Thu Jun 28 14:02:23 +0000 2018,0.0,0.0,1.0,0.0,25
@BBCWorld,RT @BBCNews: ‚öΩ #ENGBEL https://t.co/vDqRXYrpYT,Thu Jun 28 14:01:51 +0000 2018,0.0,0.0,1.0,0.0,26
@BBCWorld,Irish PM will not prepare for hard border ahead of Brexit https://t.co/2zQipHAHFr,Thu Jun 28 13:55:13 +0000 2018,0.0762,0.105,0.895,0.0,27
@BBCWorld,"""I want to see myself among the great artists in museums""

The 10-year-old inspired by Michelangelo and Arinze Stan‚Ä¶ https://t.co/MeI3Ch7XSE",Thu Jun 28 13:49:04 +0000 2018,0.8225,0.336,0.664,0.0,28
@BBCWorld,China caps film stars' pay over 'money worship and tax evasion' https://t.co/rTMRIx7Xta,Thu Jun 28 13:34:46 +0000 2018,0.2023,0.162,0.735,0.103,29
@BBCWorld,Shujhaat Bukhari: Pakistan militants blamed for journalist death https://t.co/3VJhJVqbC0,Thu Jun 28 13:24:45 +0000 2018,-0.7906,0.0,0.5,0.5,30
@BBCWorld,"RT @BBCNews: UK PM @theresa_may tells @bbclaurak she's committed to ""faster pace"" of #Brexit talks

https://t.co/TIntoo0Ak9 https://t.co/gb‚Ä¶",Thu Jun 28 13:21:09 +0000 2018,0.2732,0.116,0.884,0.0,31
@BBCWorld,RT @BBCNews: Have you heard of the Wood Wide Web? üå≥üå≤ https://t.co/M339vcAToY,Thu Jun 28 13:09:09 +0000 2018,0.0,0.0,1.0,0.0,32
@BBCWorld,"RT @BBCSteveR: It‚Äôs Helsinki. Again.
1975 Ford-Brezhnev
1990 Bush-Gorbachev
1997 Clinton-Yeltsin
2018 Trump-Putin (July 16)",Thu Jun 28 12:41:17 +0000 2018,0.0,0.0,1.0,0.0,33
@BBCWorld,"RT @BBCNews: Is the EU punishing the UK? üá™üá∫üá¨üáß

@BBCkatyaadler looks at whether it's in the EU's interest to stick the boot in on the UK in‚Ä¶",Thu Jun 28 12:30:44 +0000 2018,-0.1531,0.095,0.791,0.114,34
@BBCWorld,"Why is this footage of US President Franklin D Roosevelt walking unusual?

https://t.co/qbMHEbEHlh https://t.co/3qPsfthsy3",Thu Jun 28 12:04:19 +0000 2018,0.0,0.0,1.0,0.0,35
@BBCWorld,"RT @BBCNewsbeat: Paris Jackson has paid tribute to grandfather Joe, who masterminded the career of her dad, Michael Jackson.

But who was J‚Ä¶",Thu Jun 28 11:44:08 +0000 2018,0.0,0.0,1.0,0.0,36
@BBCWorld,Edward Heath 'not on island' for claimed abuse https://t.co/EghBK65iu5,Thu Jun 28 11:33:15 +0000 2018,-0.6369,0.0,0.656,0.344,37
@BBCWorld,RT @BBC_HaveYourSay: In the wake of the #SWE victory over #MEX Swedes using the hashtag #WeAreSweden rejected the racism which had followed‚Ä¶,Thu Jun 28 11:24:37 +0000 2018,-0.8126,0.0,0.73,0.27,38
@BBCWorld,Amsterdam chooses first woman mayor Halsema https://t.co/uirdphX4SC,Thu Jun 28 11:03:03 +0000 2018,0.0,0.0,1.0,0.0,39
@BBCWorld,Benghazi attack: Libyan militant jailed for 22 years in US https://t.co/1AJcn4ly3L,Thu Jun 28 10:55:30 +0000 2018,-0.743,0.0,0.588,0.412,40
@BBCWorld,"French boy, 12, makes record English Channel crossing https://t.co/vKUWoVSPJl",Thu Jun 28 10:52:52 +0000 2018,0.0,0.0,1.0,0.0,41
@BBCWorld,The rise of Senegal's World Cup coach Aliou Ciss√© https://t.co/P0SiCZLLOM,Thu Jun 28 10:50:26 +0000 2018,0.0,0.0,1.0,0.0,42
@BBCWorld,"RT @BBCSport: It was a disastrous night for #GER... so where do they go from here? ü§î

We've taken a look at what's next for Joachim Low's s‚Ä¶",Thu Jun 28 10:47:11 +0000 2018,-0.5994,0.0,0.87,0.13,43
@BBCWorld,Ducklings orphaned after driver which hit them 'did not slow down' https://t.co/UNyUajw3Rb,Thu Jun 28 10:31:59 +0000 2018,0.0,0.0,1.0,0.0,44
@BBCWorld,The pangolin is the most trafficked animal in the world ‚Äî now fingerprint tech could help catch the poachers‚Ä¶ https://t.co/q6KHXDMpMp,Thu Jun 28 10:19:45 +0000 2018,0.4019,0.13,0.87,0.0,45
@BBCWorld,Nude model's Western Wall photo shoot sparks anger https://t.co/vWl2UYkJB0,Thu Jun 28 10:17:24 +0000 2018,-0.7269,0.0,0.534,0.466,46
@BBCWorld,Australia passes foreign interference laws amid China tension https://t.co/PYnjkxM0tp,Thu Jun 28 09:54:34 +0000 2018,-0.3182,0.0,0.777,0.223,47
@BBCWorld,US-Israeli teen convicted of threats against Jewish centres https://t.co/o3tDvQvfqm,Thu Jun 28 09:49:35 +0000 2018,-0.4215,0.0,0.741,0.259,48
@BBCWorld,"RT @BBCSport: A blow for #BEL...

Striker Romelu Lukaku has been ruled out of tonight's #WorldCup game against #ENG.

üëâ https://t.co/OgfO26‚Ä¶",Thu Jun 28 09:22:18 +0000 2018,0.0,0.0,1.0,0.0,49
@BBCWorld,Australia charges former officer in East Timor spy case https://t.co/L7SDzR8C6p,Thu Jun 28 09:18:26 +0000 2018,-0.2732,0.0,0.811,0.189,50
@BBCWorld,"RT @BBCNews: Prince William is expected to visit his great-grandmother's grave in Jerusalem.

She was Princess Alice of Greece, who helped‚Ä¶",Thu Jun 28 09:12:56 +0000 2018,-0.3818,0.0,0.885,0.115,51
@BBCWorld,Two dead as private plane crashes in Mumbai https://t.co/6cbY1Yc6xs,Thu Jun 28 09:04:10 +0000 2018,-0.6486,0.0,0.65,0.35,52
@BBCWorld,"RT @BBCClick: How do you make storing energy more efficient? One company thinks a ""gravity train"" could provide the answer. Watch here. htt‚Ä¶",Thu Jun 28 08:39:55 +0000 2018,0.6361,0.206,0.794,0.0,53
@BBCWorld,France's Macron brings back national service https://t.co/T3rCFVlezH,Thu Jun 28 07:43:13 +0000 2018,0.0,0.0,1.0,0.0,54
@BBCWorld,Are trade issues spoiling the Trump-Modi bromance? https://t.co/ft6orBQO5Q,Thu Jun 28 07:15:50 +0000 2018,0.0,0.0,1.0,0.0,55
@BBCWorld,Europe migrants: Disputes make EU summit a key test https://t.co/LKzJq6deVy,Thu Jun 28 07:06:18 +0000 2018,-0.2732,0.0,0.792,0.208,56
@BBCWorld,"RT @BBCSport: England's last group stage match tonight! #WorldCup

Watch, read and listen with @BBCSport and @5LiveSport:

15:00 #JPN v #PO‚Ä¶",Thu Jun 28 07:04:06 +0000 2018,0.0,0.0,1.0,0.0,57
@BBCWorld,"RT @BBCSteveR: To use a footballing phrase: despite a string of red cards, Vladimir Putin keeps on scoring. Here are my thoughts on the upc‚Ä¶",Thu Jun 28 06:57:35 +0000 2018,0.0,0.0,1.0,0.0,58
@BBCWorld,Kenya fire: 'Several dead' in Nairobi market https://t.co/EeUf8IWx6z,Thu Jun 28 06:54:13 +0000 2018,-0.7717,0.0,0.472,0.528,59
@BBCWorld,RT @BBCkatyaadler: How endangered is the EU over migration and what of the impact on #Schengen - never mind Angela Merkel‚Äôs political caree‚Ä¶,Thu Jun 28 06:40:19 +0000 2018,0.0,0.0,1.0,0.0,60
@BBCWorld,RT @bbcbaxter: As a favourite crashes out of the #WorldCup it's been revealed UBS &amp; Commerzbank had predicted #Germany would win. Have you‚Ä¶,Thu Jun 28 06:37:56 +0000 2018,0.5859,0.153,0.847,0.0,61
@BBCWorld,XXXTentacion fans queue to pay respects at Florida service https://t.co/XKYjp5WYeb,Thu Jun 28 05:06:12 +0000 2018,0.2263,0.197,0.684,0.12,62
@BBCWorld,Heavy rains and rising muddy waters have interrupted search and rescue efforts to find 12 missing teenagers and the‚Ä¶ https://t.co/TiM7BYfEBP,Thu Jun 28 04:51:57 +0000 2018,-0.0258,0.134,0.688,0.178,63
@BBCWorld,Cannabis legalisation: Are there more young users in the US? https://t.co/DzlXr9eRwr,Thu Jun 28 04:37:23 +0000 2018,0.0,0.0,1.0,0.0,64
@BBCWorld,Trump begins Supreme Court search to replace Anthony Kennedy https://t.co/5g1YJkTAgv,Thu Jun 28 04:22:27 +0000 2018,0.5574,0.286,0.714,0.0,65
@BBCWorld,Thai cave: Rising water stops divers searching for missing boys https://t.co/I9tzCDjMIH,Thu Jun 28 04:20:03 +0000 2018,-0.4215,0.0,0.703,0.297,66
@BBCWorld,China won't give up 'one inch' of territory says President Xi to Mattis https://t.co/NT3EYPzL5v,Thu Jun 28 03:17:11 +0000 2018,0.0,0.0,1.0,0.0,67
@BBCWorld,"RT @geetapandeyBBC: Is india really the ""most dangerous"" country in the world for women? My online colleagues decode the survey, with my tw‚Ä¶",Thu Jun 28 02:10:50 +0000 2018,-0.5657,0.0,0.857,0.143,68
@BBCWorld,Is India really the most dangerous country for women? https://t.co/XbSKKQbaO3,Thu Jun 28 00:16:51 +0000 2018,-0.5657,0.0,0.711,0.289,69
@BBCWorld,What do European governments want from the EU Summit? https://t.co/4EHTLBtXHm,Thu Jun 28 00:13:42 +0000 2018,0.0772,0.126,0.874,0.0,70
@BBCWorld,World Cup 2018: Mexico fans celebrate South Korean 'brothers' https://t.co/NgkaKULS9w,Wed Jun 27 23:39:58 +0000 2018,0.5719,0.291,0.709,0.0,71
@BBCWorld,Europe's migration crisis: Could it finish the EU? https://t.co/DVhyHlFgCQ,Wed Jun 27 23:37:17 +0000 2018,-0.6249,0.0,0.661,0.339,72
@BBCWorld,Supreme Court: Why a fight over US abortion law now looms https://t.co/dQIagzjGu1,Wed Jun 27 22:12:31 +0000 2018,0.1027,0.228,0.506,0.266,73
@BBCWorld,Five attempts to make toys more inclusive https://t.co/q0TD2r1nlH,Wed Jun 27 21:34:47 +0000 2018,0.0,0.0,1.0,0.0,74
@BBCWorld,Asylum seekers in Ireland to be allowed to work https://t.co/733eZAPPjj,Wed Jun 27 21:22:33 +0000 2018,0.0,0.0,1.0,0.0,75
@BBCWorld,Flamingo that escaped a zoo in 2005 spotted in Texas https://t.co/jHKFQFdCxg,Wed Jun 27 19:54:02 +0000 2018,0.0,0.0,1.0,0.0,76
@BBCWorld,Antwon Rose: Pittsburgh officer charged with criminal homicide https://t.co/WKZw6ZUuuq,Wed Jun 27 19:25:28 +0000 2018,-0.6369,0.0,0.574,0.426,77
@BBCWorld,RT @awzurcher: Your daily ‚Äúelections have consequences‚Äù reminder. If Hillary Clinton had won we‚Äôd be looking at a 6-3 liberal majority on t‚Ä¶,Wed Jun 27 18:52:22 +0000 2018,0.5719,0.15,0.85,0.0,78
@BBCWorld,Trump Supreme Court pick: Why is the US top court so important? https://t.co/580QVujKIz,Wed Jun 27 18:47:17 +0000 2018,0.7574,0.428,0.572,0.0,79
@BBCWorld,Trump-Putin summit agreed by US and Russia in principle https://t.co/H20hvks2hD,Wed Jun 27 18:33:54 +0000 2018,0.2732,0.189,0.811,0.0,80
@BBCWorld,"RT @awzurcher: Without Anthony Kennedy on the US Supreme Court, there really won't be a swing justice. Whoever replaces him will move the C‚Ä¶",Wed Jun 27 18:28:47 +0000 2018,0.2081,0.132,0.767,0.101,81
@BBCWorld,Migrant rescue ship Lifeline docks in Malta after days at sea https://t.co/pLQhBmVTbl,Wed Jun 27 18:20:44 +0000 2018,0.5106,0.231,0.769,0.0,82
@BBCWorld,"RT @BBCBreaking: A Supreme Court justice is to retire, giving President Trump the chance to reshape the top US court https://t.co/OC80dTFbCL",Wed Jun 27 18:18:56 +0000 2018,0.9042,0.468,0.532,0.0,83
@BBCWorld,US Supreme Court judge to retire https://t.co/Q2SoQLC0HF,Wed Jun 27 18:18:12 +0000 2018,0.5574,0.375,0.625,0.0,84
@BBCWorld,Where are heterosexual civil partnerships legal? https://t.co/L4EW8Xrfai,Wed Jun 27 17:38:31 +0000 2018,0.128,0.2,0.8,0.0,85
@BBCWorld,Thailand cave rescue: How would you survive in a cave? https://t.co/eOxaFwfBXL,Wed Jun 27 17:21:19 +0000 2018,0.5106,0.268,0.732,0.0,86
@BBCWorld,Saudi TV presenter investigated over 'indecent' clothing https://t.co/R3piggod6s,Wed Jun 27 17:00:49 +0000 2018,0.0,0.0,1.0,0.0,87
@BBCWorld,Chemical weapons: New watchdog powers an important step https://t.co/tO3e5qzzB4,Wed Jun 27 16:50:38 +0000 2018,-0.2732,0.154,0.598,0.248,88
@BBCWorld,Joe Jackson: Patriarch of Jackson family dies aged 89 https://t.co/J4f5joitPL,Wed Jun 27 16:43:09 +0000 2018,0.0,0.0,1.0,0.0,89
@BBCWorld,Galapagos' Sierra Negra volcano eruption triggers evacuation https://t.co/oZchuUuOJI,Wed Jun 27 16:22:48 +0000 2018,0.0,0.0,1.0,0.0,90
@BBCWorld,OPCW chemical watchdog gains power to assign blame https://t.co/AZW3dyG0SG,Wed Jun 27 16:07:08 +0000 2018,0.0,0.203,0.593,0.203,91
@BBCWorld,"RT @BBCSport: Auf Wiedersehen...

DEFENDING CHAMPIONS GERMANY ARE OUT OF THE #WORLDCUP!

FT: #KOR 2-0 #GER 

https://t.co/ukXULQ5cJx
#KORGE‚Ä¶",Wed Jun 27 15:58:53 +0000 2018,0.6625,0.207,0.793,0.0,92
@BBCWorld,"RT @BBCSport: GOAL!

Another for #KOR! Manuel Neuer surrenders possession in the opposing half, South Korea hoof it up and tuck it into an‚Ä¶",Wed Jun 27 15:56:15 +0000 2018,0.0,0.0,1.0,0.0,93
@BBCWorld,"RT @BBCSport: FT #MEX 0-3 #SWE 

Incredible from Sweden. They're through to the #WorldCup knockout stages after thrashing Mexico.

Full-tim‚Ä¶",Wed Jun 27 15:53:10 +0000 2018,0.0,0.0,1.0,0.0,94
@BBCWorld,"RT @BBCSport: GOAL!

IT'S BEEN GIVEN!

#KOR 1-0 #GER 

VAR has given Kim's goal and Germany are heading out!

https://t.co/ukXULQ5cJx #Worl‚Ä¶",Wed Jun 27 15:52:55 +0000 2018,0.0,0.0,1.0,0.0,95
@BBCWorld,Isle of Man diocese to review alleged abuse by clergy https://t.co/F3jTZRmnrD,Wed Jun 27 13:43:19 +0000 2018,-0.6369,0.0,0.704,0.296,96
@BBCWorld,RT @bbcweather: Severe storms hit Greece https://t.co/jBX3GXCaPz Jo https://t.co/AJcQvJwSYY,Wed Jun 27 13:29:08 +0000 2018,-0.3818,0.0,0.755,0.245,97
@BBCWorld,RT @BBCPolitics: Thank goodness he didn't do the crotch grab! üò≥ Culture secretary @MattHancock learns to moonwalk at the opening of the Mic‚Ä¶,Wed Jun 27 13:27:14 +0000 2018,0.6996,0.208,0.792,0.0,98
@BBCWorld,Leo Varadkar defends the newly appointed Garda chief https://t.co/ZT9YnZ6wZw,Wed Jun 27 13:16:01 +0000 2018,0.0,0.0,1.0,0.0,99
@BBCWorld,Jersey to introduce same sex marriage from 1 July https://t.co/kdVcj1c37S,Wed Jun 27 13:06:09 +0000 2018,0.0,0.0,1.0,0.0,100
@CBSNews,"Former Cambridge Analytica employee says ""there were more"" apps that collected user data: https://t.co/EXUSemmpEs https://t.co/GBM3DZZAxg",Wed Jun 27 12:56:51 +0000 2018,0.0,0.0,1.0,0.0,1
@CBSNews,"Danny Meyer is the founder of the burger joint Shake Shack and CEO of Union Square Hospitality, which owns 17 New Y‚Ä¶ https://t.co/1jA5qZAJmo",Wed Jun 27 12:37:36 +0000 2018,-0.1779,0.0,0.928,0.072,2
@CBSNews,CBS News has obtained cellphone video from inside the Cayuga Centers in New York -- the first unfiltered look insid‚Ä¶ https://t.co/LUXNDWXu3y,Wed Jun 27 12:29:50 +0000 2018,0.0,0.0,1.0,0.0,3
@CBSNews,CBS News has obtained cellphone video from inside the Cayuga Centers in New York showing children huddled in what l‚Ä¶ https://t.co/kT8cywqWQw,Wed Jun 27 12:16:36 +0000 2018,0.0,0.0,1.0,0.0,4
@CBSNews,President Trump‚Äôs ‚Äúadministration is a form of extremism. We shouldn‚Äôt be afraid to be very bold and very strong in‚Ä¶ https://t.co/8GQcQAvEbu,Wed Jun 27 12:15:04 +0000 2018,0.7569,0.265,0.735,0.0,5
@CBSNews,"Alexandria Ocasio-Cortez says she was not following the primary results until she arrived at watch party: ""We had f‚Ä¶ https://t.co/Y0XvwNLuSU",Wed Jun 27 12:12:50 +0000 2018,0.4019,0.124,0.876,0.0,6
@CBSNews,Alexandria Ocasio-Cortez on her message to the Democratic establishment:  ‚ÄúI think that it is time that we reassert‚Ä¶ https://t.co/mD6u6vwBG9,Wed Jun 27 12:08:23 +0000 2018,0.0,0.0,1.0,0.0,7
@CBSNews,"Alexandria Ocasio-Cortez, who defeated 10-term Democratic Rep. Joe Crowley in a stunning upset in Tuesday‚Äôs primari‚Ä¶ https://t.co/9ivdKlOYfw",Wed Jun 27 12:05:50 +0000 2018,-0.4767,0.122,0.61,0.268,8
@CBSNews,My pleasure to SAVE you: Chick-fil-A employee comes to the rescue of a choking customer and it wasn't even his firs‚Ä¶ https://t.co/ZwJSKabrY8,Wed Jun 27 12:00:08 +0000 2018,0.8374,0.353,0.55,0.097,9
@CBSNews,"NEW: The East Pittsburgh Police officer who fatally shot 17-year-old Antwon Rose Jr. on June 19 has been charged, a‚Ä¶ https://t.co/o2qVrWU9z4",Wed Jun 27 11:51:18 +0000 2018,-0.7184,0.0,0.76,0.24,10
@CBSNews,"Brittany Kaiser, a former official at Cambridge Analytica, is sharing what she considers some of the data firm's qu‚Ä¶ https://t.co/tHqwzPGnIx",Wed Jun 27 11:44:35 +0000 2018,0.4215,0.135,0.865,0.0,11
@CBSNews,"RT @CBSThisMorning: For the first time last night, @ColbertLateShow and @FallonTonight aired the same opening. @StephenAtHome &amp; @JimmyFallo‚Ä¶",Wed Jun 27 11:44:09 +0000 2018,0.0,0.0,1.0,0.0,12
@CBSNews,Tristan Beaudette was shot before dawn last Friday while camping with his two young daughters. Detectives are revie‚Ä¶ https://t.co/CtdWAhnC10,Wed Jun 27 11:36:30 +0000 2018,0.0,0.0,1.0,0.0,13
@CBSNews,"The woman dubbed ""Permit Patty"" for threatening to call police on an 8-year-old black girl selling water on the str‚Ä¶ https://t.co/yms6GuVah5",Wed Jun 27 11:23:22 +0000 2018,-0.5267,0.0,0.855,0.145,14
@CBSNews,"There will be a funeral this morning for a New York City teen, allegedly stabbed to death by gang members. Hundreds‚Ä¶ https://t.co/jX9YSOr878",Wed Jun 27 11:19:55 +0000 2018,-0.8519,0.0,0.646,0.354,15
@CBSNews,Passengers on a JetBlue flight were terrified when officers stormed their plane in New York‚Äôs JFK Airport. It was a‚Ä¶ https://t.co/NQ8uDrzVor,Wed Jun 27 11:17:56 +0000 2018,-0.6124,0.0,0.826,0.174,16
@CBSNews,President Trump is claiming vindication after the Supreme Court allowed his travel ban to stay in place. The court'‚Ä¶ https://t.co/6BwY9Pim0t,Wed Jun 27 11:12:52 +0000 2018,0.0,0.143,0.714,0.143,17
@CBSNews,A federal judge in California ruled the Trump administration must reunite separated immigrant families within 30 da‚Ä¶ https://t.co/GWE2DpXzhN,Wed Jun 27 11:11:00 +0000 2018,0.0,0.0,1.0,0.0,18
@CBSNews,"A stunning upset rocked the midterm elections Tuesday. Rep. Joe Crowley was defeated by Alexandria Ocasio-Cortez, a‚Ä¶ https://t.co/X4m2lc33J7",Wed Jun 27 11:06:58 +0000 2018,-0.4767,0.117,0.628,0.256,19
@CBSNews,The body of a third-party contractor was found inside a beer cooler at SunTrust Park before Tuesday's Atlanta Brave‚Ä¶ https://t.co/h5B4s61Vo8,Wed Jun 27 11:00:55 +0000 2018,0.0,0.0,1.0,0.0,20
@CBSNews,RT @CBSThisMorning: WATCH: Here's a preview of what you can expect on @CBSThisMorning. https://t.co/p8YblTdQ9r,Wed Jun 27 10:51:25 +0000 2018,0.0,0.0,1.0,0.0,21
@CBSNews,AHEAD on @CBSThisMorning: The Trump administration has up to 30 days to reunite separated immigrant families. We'll‚Ä¶ https://t.co/rLpRQQBxBJ,Wed Jun 27 10:51:20 +0000 2018,0.0,0.0,1.0,0.0,22
@CBSNews,"Ben Rhodes: ""We could have done more"" to explain Russia's information war https://t.co/EHY88GX35o https://t.co/KRwLMZTQbY",Wed Jun 27 10:40:01 +0000 2018,-0.5994,0.0,0.769,0.231,23
@CBSNews,"WATCH: Comedian @RealTracyMorgan reflects on his life and sends a heartfelt message to his 6-year-old self.

üì∫ See‚Ä¶ https://t.co/KqyOqpyTnv",Wed Jun 27 10:25:25 +0000 2018,0.7269,0.276,0.724,0.0,24
@CBSNews,"Rain continues to fall and water levels keep rising inside a cave in northern Thailand, frustrating the search for‚Ä¶ https://t.co/KjiLYrhvk0",Wed Jun 27 10:19:48 +0000 2018,-0.4404,0.0,0.861,0.139,25
@CBSNews,"Childish Gambino's manager denies accusation of plagiarism over ""This is America"" https://t.co/k5lkfXMDsa https://t.co/x6YEYe09p7",Wed Jun 27 10:03:03 +0000 2018,-0.7184,0.0,0.588,0.412,26
@CBSNews,Bronx teen reportedly killed over sex tape in apparent case of mistaken identity https://t.co/nptuyHK0hw https://t.co/dIN7oN3Vyv,Wed Jun 27 09:48:04 +0000 2018,-0.7906,0.0,0.65,0.35,27
@CBSNews,"""It's OK to not be OK"": Suicide attempt survivors offer insight and advice https://t.co/Nlwy2gAiv8 https://t.co/d38pwNwugu",Wed Jun 27 09:33:03 +0000 2018,0.7596,0.334,0.666,0.0,28
@CBSNews,World War II hero Garlin Murl Conner's widow remembers his extraordinary life https://t.co/4yfPN9gLpd https://t.co/gCcEJh3yTg,Wed Jun 27 09:18:05 +0000 2018,-0.0772,0.185,0.615,0.2,29
@CBSNews,Prosecutors to retry ex-deputy's husband in fatal confrontation outside Denny's https://t.co/RumlBZUX6i https://t.co/mZnKR2n7gM,Wed Jun 27 09:03:04 +0000 2018,-0.7003,0.0,0.633,0.367,30
@CBSNews,8th arrest in fatal stabbing of Bronx teenager outside bodega https://t.co/IoSKVBIVIf https://t.co/pkV0JUgMj7,Wed Jun 27 08:48:04 +0000 2018,-0.7096,0.0,0.629,0.371,31
@CBSNews,L.A. agency received 13 calls about boy before his suspicious death https://t.co/yCdGAMIIDE https://t.co/WJtnQkHDAz,Wed Jun 27 08:33:04 +0000 2018,-0.7506,0.0,0.632,0.368,32
@CBSNews,Missing boys soccer team in Thailand believed to be trapped in flooded cave https://t.co/9WZ7gRSLY6 https://t.co/IOAw2fdJD4,Wed Jun 27 08:18:03 +0000 2018,-0.6808,0.0,0.699,0.301,33
@CBSNews,"""It was meant to happen"": Routine traffic stop in New Jersey leads to unlikely reunion https://t.co/yHDuABju64 https://t.co/NRa8shJBt5",Wed Jun 27 08:03:04 +0000 2018,-0.296,0.0,0.879,0.121,34
@CBSNews,These U.S. industries can't work without illegal immigrants https://t.co/LRJ75lMCYI https://t.co/NaVuhzvcxh,Wed Jun 27 07:48:17 +0000 2018,-0.345,0.0,0.788,0.212,35
@CBSNews,"Tyler Hilinski, Washington State football player, had brain damage at time of suicide https://t.co/xyMsBbtrT4 https://t.co/xQqS2sfi3s",Wed Jun 27 07:33:03 +0000 2018,-0.8271,0.0,0.628,0.372,36
@CBSNews,Experts say U.S. among 10 most dangerous nations for women https://t.co/dOUwl1OSID https://t.co/bnyD106mnl,Wed Jun 27 07:18:03 +0000 2018,-0.5256,0.0,0.764,0.236,37
@CBSNews,Prosecutors to get more than 4 million files from Michael Cohen https://t.co/3rMCMjUucf https://t.co/V5z7tPVuiY,Wed Jun 27 07:03:03 +0000 2018,0.0,0.0,1.0,0.0,38
@CBSNews,"Sheriff: New Zealand man invades Virginia home of girl he met online, is shot by her mother https://t.co/tReAzar3Hc https://t.co/M2bk6oMTc8",Wed Jun 27 06:48:03 +0000 2018,0.0,0.0,1.0,0.0,39
@CBSNews,Man wandering tarmac at Atlanta airport taken into custody https://t.co/N5wNJhkZDx https://t.co/VUF8OZbGmt,Wed Jun 27 06:33:03 +0000 2018,0.0,0.0,1.0,0.0,40
@CBSNews,"Newborn found alive, abandoned near dumpster in north Texas https://t.co/zfmpxZt5P9 https://t.co/klah2j7fen",Wed Jun 27 06:18:04 +0000 2018,-0.25,0.171,0.526,0.303,41
@CBSNews,Body found in house of N.Y. Giants' Janoris Jenkins https://t.co/qeVxceJMCo https://t.co/aAgXkrSTRz,Wed Jun 27 06:03:05 +0000 2018,0.0,0.0,1.0,0.0,42
@CBSNews,Red Hen restaurants everywhere feel ramifications of Sanders incident https://t.co/uwqpruVpil https://t.co/sRdNkqu4ny,Wed Jun 27 05:48:04 +0000 2018,0.0,0.0,1.0,0.0,43
@CBSNews,Sarah Sanders to receive temporary Secret Service protection at home https://t.co/hNQZMIw2Et https://t.co/yToLQkZgCm,Wed Jun 27 05:33:03 +0000 2018,0.0,0.0,1.0,0.0,44
@CBSNews,"Families earning $117,000 now qualify as ""low income"" in California's Bay Area https://t.co/lBWJGzmtk7 https://t.co/uTV1NuPxvg",Wed Jun 27 05:18:04 +0000 2018,-0.2732,0.0,0.861,0.139,45
@CBSNews,"2018 World Cup: Scores, results and standings ‚Äì live updates https://t.co/AP7HnGquXM https://t.co/JrbAFyqZpl",Wed Jun 27 05:03:03 +0000 2018,0.0,0.0,1.0,0.0,46
@CBSNews,"First-time candidate Alexandria Ocasio-Cortez on Tuesday defeated Joe Crowley, one of the most powerful Democrats i‚Ä¶ https://t.co/2NGxKOvxXD",Wed Jun 27 04:55:02 +0000 2018,-0.0018,0.146,0.708,0.146,47
@CBSNews,Bronx teen reportedly killed over sex tape in apparent case of mistaken identity https://t.co/bGZ8RBuYCE https://t.co/7YSL1D6JIW,Wed Jun 27 04:48:03 +0000 2018,-0.7906,0.0,0.65,0.35,48
@CBSNews,BREAKING: A federal judge ordered that families separated at the border be reunited within 30 days‚Ä¶ https://t.co/BAEcG55Uaa,Wed Jun 27 04:40:14 +0000 2018,0.0,0.0,1.0,0.0,49
@CBSNews,World War II hero Garlin Murl Conner's widow remembers his extraordinary life https://t.co/Ib4J4gqEHz https://t.co/YLc0hyRgbt,Wed Jun 27 04:33:05 +0000 2018,-0.0772,0.185,0.615,0.2,50
@CBSNews,Popular DJ accused of killing elementary school teacher in 1992 https://t.co/gv2d5bnSHT https://t.co/9JaWhG23cg,Wed Jun 27 04:18:03 +0000 2018,-0.5859,0.152,0.489,0.359,51
@CBSNews,8th arrest in fatal stabbing of Bronx teenager outside bodega https://t.co/k83hH5jVhW https://t.co/16PzswZKUJ,Wed Jun 27 04:03:03 +0000 2018,-0.7096,0.0,0.629,0.371,52
@CBSNews,Missing boys soccer team in Thailand believed to be trapped in flooded cave https://t.co/0HwtDmNtVy https://t.co/QFCEYNmLAx,Wed Jun 27 03:48:03 +0000 2018,-0.6808,0.0,0.699,0.301,53
@CBSNews,The U.S. National debt is at its highest level since after WWII https://t.co/9h5dAMYgYd https://t.co/UhGtDA9z8w,Wed Jun 27 03:39:36 +0000 2018,-0.3612,0.0,0.839,0.161,54
@CBSNews,Sheriff's sergeant treated after finding fentanyl-laced flyer on her car https://t.co/wfdrD8jTcO https://t.co/ltFQeIUhan,Wed Jun 27 03:33:03 +0000 2018,0.0,0.0,1.0,0.0,55
@CBSNews,Second shooting at California state park where dad was killed while camping with daughters https://t.co/8a389HtN1a https://t.co/2RiHSIl6uL,Wed Jun 27 03:18:04 +0000 2018,-0.6705,0.0,0.769,0.231,56
@CBSNews,"Harley-Davidson vs. Trump: Who's right, who's wrong in president's latest trade fight https://t.co/XzTFjaI7W8 https://t.co/vsKTRVDThw",Wed Jun 27 03:03:03 +0000 2018,-0.6908,0.0,0.678,0.322,57
@CBSNews,Former Massachusetts Governor Mitt Romney wins Utah GOP Senate nomination https://t.co/aP8bXEHrl2 https://t.co/5ZcgahvUEG,Wed Jun 27 02:48:09 +0000 2018,0.5719,0.252,0.748,0.0,58
@CBSNews,"Before first-time candidate Alexandria Ocasio-Cortez won the New York Democratic primary in a stunning upset,‚Ä¶ https://t.co/uavMk2yexI",Wed Jun 27 02:42:38 +0000 2018,0.743,0.326,0.674,0.0,59
@CBSNews,Rattlesnake hiding in a toddler's toys bites the 1-year-old boy outside his home in Texas https://t.co/d51S1iquC8 https://t.co/lPPq3MfbuE,Wed Jun 27 02:39:42 +0000 2018,-0.296,0.0,0.872,0.128,60
@CBSNews,"During a news conference with Brazil's president, Vice President Mike Pence had a message for migrants trying to en‚Ä¶ https://t.co/PO8V0Agiwn",Wed Jun 27 02:20:33 +0000 2018,0.0,0.0,1.0,0.0,61
@CBSNews,"Shocking upset in New York Primary: Rep. Joe Crowley, one of the most powerful Democrats in the House, has been def‚Ä¶ https://t.co/gChZRqGPZq",Wed Jun 27 02:13:57 +0000 2018,-0.2975,0.113,0.694,0.193,62
@CBSNews,"BREAKING: Former congressman Michael Grimm, who went to prison for tax fraud, concedes to Dan Donovan, New York Cit‚Ä¶ https://t.co/66FlGg4Pjr",Wed Jun 27 02:05:56 +0000 2018,-0.7964,0.0,0.717,0.283,63
@CBSNews,"""Why don't you leave my husband alone?"": Elaine Chao responds to protesters confronting husband Sen. Mitch McConnel‚Ä¶ https://t.co/bBvP1iDFsC",Wed Jun 27 02:00:03 +0000 2018,-0.3296,0.058,0.763,0.178,64
@CBSNews,RT @CBSThisMorning: TOMORROW: A former employee at Cambridge Analytica tells @CBSNews she's offering to help government investigators who a‚Ä¶,Wed Jun 27 01:43:58 +0000 2018,0.4019,0.137,0.863,0.0,65
@CBSNews,Trump-backed Henry McMaster wins GOP runoff in South Carolina https://t.co/lQUIKubZf1 https://t.co/oFsX6hkcWc,Wed Jun 27 01:25:13 +0000 2018,0.5719,0.27,0.73,0.0,66
@CBSNews,"""There's no place for this."" House Speaker Ryan called on Rep. Waters to apologize for urging her supporters to pub‚Ä¶ https://t.co/VAxae20BZB",Wed Jun 27 01:20:02 +0000 2018,0.2732,0.176,0.735,0.09,67
@CBSNews,New research in an experimental treatment shows promising results in the fight against an aggressive type of brain‚Ä¶ https://t.co/ooFbq8tLEi,Wed Jun 27 01:00:02 +0000 2018,-0.128,0.118,0.699,0.183,68
@CBSNews,"The new IRS Form 1040 may be smaller, but is it less complicated? https://t.co/dIsODlszhO https://t.co/Jq4PM64gKS",Wed Jun 27 00:39:52 +0000 2018,0.0,0.0,1.0,0.0,69
@CBSNews,"A ""Hello Kitty"" bullet train is set to debut in Japan this week, making commuters' trips a bit more adorable‚Ä¶ https://t.co/vi2b4x5y1Z",Wed Jun 27 00:19:35 +0000 2018,0.0,0.0,1.0,0.0,70
@CBSNews,Evening News: Jeff Glor meets with a group of California voters from different sides of the political spectrum to g‚Ä¶ https://t.co/4Jmf3z2fFq,Wed Jun 27 00:00:02 +0000 2018,0.0,0.0,1.0,0.0,71
@CBSNews,"In San Francisco, a six-digit salary can mean you qualify as a low-income resident https://t.co/8kPxm8N2kZ https://t.co/vsWWLTDZl0",Tue Jun 26 23:39:49 +0000 2018,0.0,0.0,1.0,0.0,72
@CBSNews,Cellphone video shows moment a passenger became enraged after her flight made an emergency landing in Minnesota‚Ä¶ https://t.co/weG2QB2bY2,Tue Jun 26 23:20:31 +0000 2018,-0.6486,0.0,0.739,0.261,73
@CBSNews,"UPDATE: One person was killed and 12 others were injured during an explosion at a hospital in Gatesville, Texas, au‚Ä¶ https://t.co/Kl5eu1AqS4",Tue Jun 26 23:09:03 +0000 2018,-0.802,0.0,0.714,0.286,74
@CBSNews,"An American hero received the highest military award today. 

1st Lt. Garlin Conner's story was largely unknown unt‚Ä¶ https://t.co/dmIMmyrT8W",Tue Jun 26 23:01:54 +0000 2018,0.7964,0.295,0.705,0.0,75
@CBSNews,Polls are closing soon in several states holding primaries on Tuesday. Follow our live blog for updates:‚Ä¶ https://t.co/l4i7yVu9m6,Tue Jun 26 23:00:45 +0000 2018,0.0,0.0,1.0,0.0,76
@CBSNews,"In San Francisco, the housing market is red hot and quickly getting out of reach for many. A report says the median‚Ä¶ https://t.co/hJpgfAyQOR",Tue Jun 26 22:52:15 +0000 2018,0.0258,0.05,0.95,0.0,77
@CBSNews,Encouraging news in the fight against an aggressive type of brain cancer. New research shows an experimental treatm‚Ä¶ https://t.co/0oBOdpAuEZ,Tue Jun 26 22:48:20 +0000 2018,-0.6369,0.126,0.556,0.319,78
@CBSNews,"Fire crews in northern California are struggling to contain the massive Pawnee Fire. 

Mark Strassmann reports from‚Ä¶ https://t.co/WEfiEMcAWT",Tue Jun 26 22:46:40 +0000 2018,-0.765,0.0,0.664,0.336,79
@CBSNews,"An explosion at a hospital outside Waco, Texas, left several people injured.

@DavidBegnaud has the latest:‚Ä¶ https://t.co/fCQgZdzUQB",Tue Jun 26 22:44:17 +0000 2018,-0.4019,0.0,0.847,0.153,80
@CBSNews,".@jeffglor sat down with a group of voters in California. Three identify as liberals, three as conservatives. 

We‚Ä¶ https://t.co/YAsSEBoguQ",Tue Jun 26 22:41:43 +0000 2018,0.0,0.0,1.0,0.0,81
@CBSNews,"""[Supreme Court] Justice Kennedy has said privately that he is considering retirement, but the question is: When? E‚Ä¶ https://t.co/L4MBhxXMBy",Tue Jun 26 22:39:13 +0000 2018,0.296,0.109,0.891,0.0,82
@CBSNews,"In a landmark ruling, the Supreme Court upheld its newest version of the travel ban, giving the president a large l‚Ä¶ https://t.co/VxWJC5Sedl",Tue Jun 26 22:36:30 +0000 2018,0.4019,0.271,0.595,0.134,83
@CBSNews,Bank of America allegedly is neglecting basic upkeep of foreclosed homes in black and Latino neighborhoods in 37 ci‚Ä¶ https://t.co/XG17Tjq3AU,Tue Jun 26 22:17:01 +0000 2018,-0.4019,0.0,0.876,0.124,84
@CBSNews,"The NYPD made an eighth arrest in the fatal stabbing of a Bronx teenager, who was brutally attacked outside a deli‚Ä¶ https://t.co/JmCkzZCqOv",Tue Jun 26 22:00:58 +0000 2018,-0.9169,0.0,0.554,0.446,85
@CBSNews,"HHS official says 2,047 children who were separated from their families under  President Trump's ""zero-tolerance po‚Ä¶ https://t.co/hGsLTac02S",Tue Jun 26 21:45:30 +0000 2018,0.0,0.0,1.0,0.0,86
@CBSNews,"In its decision to uphold the travel ban, the Supreme Court also repudiated a long-discredited ruling that stood un‚Ä¶ https://t.co/lvMfXsnNQN",Tue Jun 26 21:30:56 +0000 2018,0.0,0.149,0.702,0.149,87
@CBSNews,"Authorities are responding to reports of a ""very large"" explosion near a hospital in Gatesville, Texas, local offic‚Ä¶ https://t.co/8qmlgt7DO8",Tue Jun 26 21:15:44 +0000 2018,0.0,0.0,1.0,0.0,88
@CBSNews,Man opens Reese's Peanut Butter Cup and finds no peanut butter inside -- a few weeks later he got another surprise‚Ä¶ https://t.co/6OPw4mFeV5,Tue Jun 26 20:59:56 +0000 2018,-0.296,0.0,0.901,0.099,89
@CBSNews,"Anonymous and provocative street artist Banksy appears to have left his mark on Paris, painting several new works t‚Ä¶ https://t.co/5bfFDxHQM4",Tue Jun 26 20:44:49 +0000 2018,0.0,0.0,1.0,0.0,90
@CBSNews,"Possible explosion, partial collapse reported at hospital in Gatesville, Texas, according to CBS News affiliate‚Ä¶ https://t.co/SruV9PapeM",Tue Jun 26 20:41:56 +0000 2018,-0.4939,0.0,0.824,0.176,91
@CBSNews,"Seventeen states, including Washington, New York and California, sued President Trump's administration in an effort‚Ä¶ https://t.co/AZPmYQCYc4",Tue Jun 26 20:29:51 +0000 2018,0.0,0.0,1.0,0.0,92
@CBSNews,"David Lynch believes pro-Trump comments were taken out of context, says president is ""causing suffering and divisio‚Ä¶ https://t.co/oK5mRVRKaz",Tue Jun 26 20:12:45 +0000 2018,-0.4767,0.0,0.846,0.154,93
@CBSNews,"President Trump hands Medal of Honor to World War II veteran Lt. Garlin Conner's widow, who accepted it on his beha‚Ä¶ https://t.co/v4Rz5kHvip",Tue Jun 26 20:03:08 +0000 2018,0.5423,0.277,0.594,0.129,94
@CBSNews,"""Lieutenant Connor's courageous actions killed roughly 50 German soldiers, injured 100 more and saved so many Ameri‚Ä¶ https://t.co/7YV6ADckiy",Tue Jun 26 19:54:38 +0000 2018,-0.1832,0.234,0.506,0.26,95
@CBSNews,"WATCH NOW: President Trump presents Medal of Honor posthumously to Army 1st Lt. Garlin Conner, a World War II veter‚Ä¶ https://t.co/NRjWanaetP",Tue Jun 26 19:44:04 +0000 2018,0.34,0.232,0.625,0.143,96
@CBSNews,Restaurants bearing some version of the Red Hen name are trying to distance themselves from the decision by one bus‚Ä¶ https://t.co/C2GoDwQWJo,Tue Jun 26 19:32:04 +0000 2018,0.0,0.0,1.0,0.0,97
@CBSNews,Flamingo that escaped a Kansas zoo in 2005 has been spotted in Texas https://t.co/kuFqGzK3gS https://t.co/jElF6uQ1CE,Tue Jun 26 19:09:44 +0000 2018,0.0,0.0,1.0,0.0,98
@CBSNews,"WATCH: A Kangaroo interrupted a soccer game in Australia and when he got tired of being goalie, he decided to loung‚Ä¶ https://t.co/P43waOVnS9",Tue Jun 26 18:35:31 +0000 2018,-0.6249,0.0,0.779,0.221,99
@CBSNews,"Buzz Aldrin sues two of his children, alleging misuse of his finances and slander https://t.co/LoBCP0fCDQ https://t.co/N7AyqMRHri",Tue Jun 26 18:14:38 +0000 2018,0.0,0.0,1.0,0.0,100
@CNN,"Cocaine and heroin supplies hit record highs globally, according to new report https://t.co/umd2PebaPQ https://t.co/syzJfUEqY2",Tue Jun 26 18:01:17 +0000 2018,-0.4939,0.0,0.802,0.198,1
@CNN,Uber wins the right to keep operating in London https://t.co/dX6bTREYEK https://t.co/39UFufLznl,Tue Jun 26 17:47:07 +0000 2018,0.6115,0.285,0.715,0.0,2
@CNN,"Nearly 2 years ago, millions of people witnessed the last moments of Philando Castile‚Äôs life after he was shot by p‚Ä¶ https://t.co/eUGQy52oZG",Tue Jun 26 17:35:56 +0000 2018,0.0,0.0,1.0,0.0,3
@CNN,"President Trump on the Supreme Court's travel ban ruling: ""A tremendous success, a tremendous victory for the Ameri‚Ä¶ https://t.co/fLWA1fwl7J",Tue Jun 26 17:23:34 +0000 2018,0.5719,0.282,0.579,0.139,4
@CNN,"President Trump on the Supreme Court's travel ban ruling: ""A tremendous success, a tremendous victory for the Ameri‚Ä¶ https://t.co/2SEhkmC4u4",Tue Jun 26 17:23:15 +0000 2018,0.5719,0.282,0.579,0.139,5
@CNN,World's most expensive cities for expats in 2018 revealed https://t.co/933Zq73U4h https://t.co/5JYj57rI9f,Tue Jun 26 17:16:40 +0000 2018,0.0,0.0,1.0,0.0,6
@CNN,5 takeaways from the Supreme Court's monumental ruling in support of Trump's travel ban | Analysis by Chris Cillizz‚Ä¶ https://t.co/bZPjTROCoe,Tue Jun 26 17:05:34 +0000 2018,0.4019,0.253,0.602,0.145,7
@CNN,The Supreme Court sided Tuesday with faith-based pregnancy centers in California in a case that pitted abortion rig‚Ä¶ https://t.co/rT5cDxl0gx,Tue Jun 26 16:54:17 +0000 2018,0.5574,0.175,0.825,0.0,8
@CNN,The 55 most over-the-top lines from Donald Trump's South Carolina speech | Analysis by¬†Chris Cillizza‚Ä¶ https://t.co/SAkA6HJ7jt,Tue Jun 26 16:51:27 +0000 2018,0.0,0.0,1.0,0.0,9
@CNN,Steel tariffs could force the US's largest nail manufacturer to close or move to Mexico https://t.co/OmIb7p5XRa,Tue Jun 26 16:36:45 +0000 2018,0.0,0.0,1.0,0.0,10
@CNN,Five teenagers who taunted a drowning man as they recorded his death in Florida will not face charges because by la‚Ä¶ https://t.co/romMLKcPBb,Tue Jun 26 16:26:18 +0000 2018,-0.4742,0.073,0.769,0.158,11
@CNN,"Protesters are chanting ""No ban, no wall!"" outside the Supreme Court following the decision to uphold President Tru‚Ä¶ https://t.co/WVkLflHiiP",Tue Jun 26 16:15:07 +0000 2018,-0.68,0.13,0.504,0.367,12
@CNN,"President Trump calls travel ban ruling ""a tremendous victory for the American People and the Constitution""‚Ä¶ https://t.co/knAhrK7MU5",Tue Jun 26 16:05:06 +0000 2018,-0.5574,0.0,0.816,0.184,13
@CNN,Rep. Keith Ellison reacts to the travel ban ruling: ‚ÄúAs long as [Trump] puts a very thin veneer of national securit‚Ä¶ https://t.co/YxZVrTfThl,Tue Jun 26 15:55:00 +0000 2018,-0.5574,0.0,0.847,0.153,14
@CNN,"Cocaine and heroin supplies hit record highs globally, according to new report https://t.co/1cJr92jnZp https://t.co/ZdLcIoyCQI",Tue Jun 26 15:51:02 +0000 2018,-0.4939,0.0,0.802,0.198,15
@CNN,"House Speaker Paul Ryan called on Rep. Maxine Waters to apologize for urging opponents of Trump administration to ""‚Ä¶ https://t.co/r6DsDfHnG9",Tue Jun 26 15:38:32 +0000 2018,0.1027,0.069,0.931,0.0,16
@CNN,"The Trump travel ban restricts entry from the following countries to varying degrees:
‚Ä¢ Iran
‚Ä¢ North Korea
‚Ä¢ Syria‚Ä¶ https://t.co/CwD0dTqgAS",Tue Jun 26 15:27:08 +0000 2018,-0.7096,0.0,0.731,0.269,17
@CNN,JUST IN: Sudan overturns death sentence for teen who killed her rapist husband https://t.co/LRWoxOdggA https://t.co/AtwcWmQgvE,Tue Jun 26 15:26:17 +0000 2018,-0.9325,0.051,0.43,0.52,18
@CNN,"""We need to reclaim our values... We're a good nation, we're a good people. And we should be setting a standard on‚Ä¶ https://t.co/14zHoRUeBD",Tue Jun 26 15:14:41 +0000 2018,0.7003,0.244,0.756,0.0,19
@CNN,Read the Supreme Court's 5-4 ruling upholding the President's travel ban https://t.co/Xpe22vGafU https://t.co/AhKuYVzbJs,Tue Jun 26 15:00:04 +0000 2018,0.0,0.198,0.604,0.198,20
@CNN,Three key quotes from Chief Justice John Roberts' majority opinion from the travel ban ruling https://t.co/4zhSgEv1IP,Tue Jun 26 14:45:11 +0000 2018,-0.0516,0.162,0.667,0.171,21
@CNN,"This is the third version of the travel ban, which restricts entry from seven countries to varying degrees: Iran, N‚Ä¶ https://t.co/8iilYFqARn",Tue Jun 26 14:43:46 +0000 2018,-0.7096,0.0,0.763,0.237,22
@CNN,Philippine President Rodrigo Duterte promised to mend fences with the Catholic Church in the wake of scathing comme‚Ä¶ https://t.co/ostSSY0ytk,Tue Jun 26 14:35:06 +0000 2018,0.3612,0.122,0.878,0.0,23
@CNN,BREAKING: The Supreme Court has upheld President Trump's travel ban https://t.co/ZuB2RN6ker,Tue Jun 26 14:21:53 +0000 2018,0.0,0.222,0.556,0.222,24
@CNN,President Trump vs. Harley-Davidson: What's really going on? https://t.co/gZVzLq7079,Tue Jun 26 14:14:45 +0000 2018,0.0,0.0,1.0,0.0,25
@CNN,"Tesla is trying out an aggressive ""Mad Max"" driving mode in its prototype autopilot feature https://t.co/LgSrIqlmLB",Tue Jun 26 14:04:12 +0000 2018,-0.5859,0.0,0.745,0.255,26
@CNN,"At least 19 people were shot Monday in Chicago, where police for months have touted declining gun violence https://t.co/gX9hFCjE9E",Tue Jun 26 13:54:05 +0000 2018,-0.7717,0.0,0.675,0.325,27
@CNN,Sarah Sanders effectively threw her hands up when asked how the Trump administration was going to solve the crisis‚Ä¶ https://t.co/5TkabIuVdD,Tue Jun 26 13:40:58 +0000 2018,0.5719,0.207,0.793,0.0,28
@CNN,CNN's Jim Acosta faced both heckling and supportive statements while covering a rally for incumbent South Carolina‚Ä¶ https://t.co/H00a7C7rM5,Tue Jun 26 13:30:00 +0000 2018,0.296,0.121,0.879,0.0,29
@CNN,Uber's Middle East rival is recruiting Saudi women to take the wheel after a female driving ban was lifted on Sunday https://t.co/qcFdfzWkg1,Tue Jun 26 13:29:08 +0000 2018,-0.5574,0.0,0.847,0.153,30
@CNN,Voters across the US are heading to the polls for Tuesday's primaries. Here's what you need to know.‚Ä¶ https://t.co/d9kX6wiJt8,Tue Jun 26 13:16:55 +0000 2018,0.0,0.0,1.0,0.0,31
@CNN,"As of Tuesday morning, General Electric is no longer in the Dow. Meet the new kid on the block: Walgreens https://t.co/rWaNEgF3ut",Tue Jun 26 13:05:01 +0000 2018,-0.6249,0.0,0.788,0.212,32
@CNN,"Hunted and stigmatized, some albinos in Malawi will vie for seats in elections next year https://t.co/JLww4uKKRm https://t.co/RfnhwPLb9q",Tue Jun 26 12:53:22 +0000 2018,0.0,0.0,1.0,0.0,33
@CNN,"President Trump's trade battles could escalate into a global disaster, UK Treasury chief says https://t.co/EFAphb7X9O",Tue Jun 26 12:42:31 +0000 2018,-0.7096,0.092,0.564,0.344,34
@CNN,A bipartisan report is warning American institutions about future meddling in the US democratic system following th‚Ä¶ https://t.co/PKnXXBpNwZ,Tue Jun 26 12:31:18 +0000 2018,-0.34,0.0,0.87,0.13,35
@CNN,"Prince William's $5,500-a-night hotel suite in Jerusalem provided him with tea and silver tea strainers specially f‚Ä¶ https://t.co/T7t5yULuRy",Tue Jun 26 12:20:12 +0000 2018,-0.0772,0.0,0.929,0.071,36
@CNN,RT @cnni: The 2018 #WorldCup is in full swing. Do you have questions about how the tournament is going so far? CNN's @alexthomascnn is with‚Ä¶,Tue Jun 26 12:16:35 +0000 2018,0.0,0.0,1.0,0.0,37
@CNN,"Japan's Princess Ayako announced she's marrying a non-royal, a move that will force her to renounce her royal statu‚Ä¶ https://t.co/XUIBEItTjw",Tue Jun 26 12:08:30 +0000 2018,0.0,0.0,1.0,0.0,38
@CNN,"Catholic Church suspends priest who rapped sermons, saying ""the use of rap music is not allowed in preaching""‚Ä¶ https://t.co/6xjDJT2kWi",Tue Jun 26 11:57:20 +0000 2018,0.0,0.0,1.0,0.0,39
@CNN,An engineered version of poliovirus improved the overall survival rate of patients with a lethal form of brain canc‚Ä¶ https://t.co/y7BqZb2m7P,Tue Jun 26 11:43:56 +0000 2018,0.4767,0.147,0.853,0.0,40
@CNN,"General Electric is spinning off its health care business, shrinking itself even further to pay down a mountain of‚Ä¶ https://t.co/kzCqlCiSIA",Tue Jun 26 11:39:19 +0000 2018,0.4215,0.148,0.787,0.065,41
@CNN,Australia is spending billions on unmanned spy drones https://t.co/Du5chZ0Srd https://t.co/w4lYS8ZhsG,Tue Jun 26 11:26:27 +0000 2018,0.0,0.0,1.0,0.0,42
@CNN,Could pills soon replace insulin shots for diabetes patients? Here's a look at the latest research:‚Ä¶ https://t.co/dDI966dPHT,Tue Jun 26 11:16:12 +0000 2018,0.0,0.0,1.0,0.0,43
@CNN,"To defeat Trump in 2020, Democrats will need:
‚Ä¢Exciting candidates and big ideas
‚Ä¢First-rate ground game
‚Ä¢Strong fu‚Ä¶ https://t.co/6dE1D6sdMX",Tue Jun 26 11:07:43 +0000 2018,-0.4588,0.0,0.857,0.143,44
@CNN,This 13th century illustration of a cockatoo suggests that trade off the coast of Australia was occurring much earl‚Ä¶ https://t.co/BSelSiAB7J,Tue Jun 26 10:59:24 +0000 2018,0.0,0.0,1.0,0.0,45
@CNN,A Latino man and his mother who were doing yard work in California were verbally attacked by a woman who called the‚Ä¶ https://t.co/Xxc2zjFr93,Tue Jun 26 10:49:37 +0000 2018,-0.4588,0.0,0.87,0.13,46
@CNN,The conservative bloc under Chief Justice John Roberts has made it plain that concerns about race discrimination si‚Ä¶ https://t.co/JqIJzsEi4B,Tue Jun 26 10:40:06 +0000 2018,0.5267,0.159,0.841,0.0,47
@CNN,One of Canada's biggest music festivals is on pause because of a small bird and her nest of four eggs‚Ä¶ https://t.co/aHFGwq2GSw,Tue Jun 26 10:28:14 +0000 2018,0.3612,0.116,0.884,0.0,48
@CNN,McDonald's and Starbucks are among dozens of companies caught in a crackdown on plastics in India https://t.co/NgmApTcL9a,Tue Jun 26 10:16:33 +0000 2018,0.0,0.0,1.0,0.0,49
@CNN,Rescuers continue to search a partially flooded cave complex where 12 missing boys and their soccer coach are thoug‚Ä¶ https://t.co/0GR0RgN39v,Tue Jun 26 10:04:55 +0000 2018,-0.296,0.0,0.891,0.109,50
@CNN,The US is cracking down on North Korea's army of overseas workers https://t.co/ByceUDIdz2 https://t.co/5hFv9gPGxt,Tue Jun 26 09:53:35 +0000 2018,0.0,0.0,1.0,0.0,51
@CNN,The oil and gas industry is coming for Colorado's sand dunes https://t.co/mirY5GEYgq via @CNNOpinion https://t.co/YJe3gTvoyj,Tue Jun 26 09:42:19 +0000 2018,0.0,0.0,1.0,0.0,52
@CNN,"Her doctor said it was all in her head. It wasn't. 

It was POTS: a little-known disorder causing heart palpitation‚Ä¶ https://t.co/Oa7A4y3V7i",Tue Jun 26 09:31:10 +0000 2018,-0.4019,0.0,0.876,0.124,53
@CNN,"More than 8,000 acres burned by wildfires in Northern California https://t.co/1pn4MaJvuN https://t.co/nMFaIr9dFq",Tue Jun 26 09:20:08 +0000 2018,0.0,0.0,1.0,0.0,54
@CNN,A child fired a loaded gun he found in a couch at IKEA https://t.co/ebreAtWIEA https://t.co/6b1tINtget,Tue Jun 26 08:51:49 +0000 2018,-0.7184,0.0,0.625,0.375,55
@CNN,Nigeria has overtaken India as the country with the largest number of people living in extreme poverty https://t.co/AMMCaPdEIm,Tue Jun 26 08:26:42 +0000 2018,-0.4588,0.063,0.777,0.16,56
@CNN,Entire police force of Mexico town detained after mayoral candidate's assassination https://t.co/JrTKDzfpDv https://t.co/g8gAqO8ptJ,Tue Jun 26 08:02:17 +0000 2018,-0.765,0.0,0.625,0.375,57
@CNN,A Latino man and his mother who were doing yard work in California were verbally attacked by a woman who called the‚Ä¶ https://t.co/bc4ILulfwQ,Tue Jun 26 07:38:23 +0000 2018,-0.4588,0.0,0.87,0.13,58
@CNN,"The elaborate customized cars of Japan's ""lowriding"" subculture https://t.co/bxOLz1u9xc https://t.co/oT5YVsK4xI",Tue Jun 26 07:30:07 +0000 2018,0.0,0.0,1.0,0.0,59
@CNN,Doctor in Spain faces court over Franco-era 'stolen babies' https://t.co/ZxQ3pS3Jx8 https://t.co/VSOT6VMfEa,Tue Jun 26 07:27:02 +0000 2018,-0.4939,0.0,0.758,0.242,60
@CNN,Heathrow gets go ahead to become world's biggest airport https://t.co/prm8lcOYC5 via @CNNTravel https://t.co/q0uBmd41m4,Tue Jun 26 07:15:25 +0000 2018,0.0,0.0,1.0,0.0,61
@CNN,FDA approves first cannabis-based drug https://t.co/JrR4eQ9qSI https://t.co/R7HKTtCfGN,Tue Jun 26 07:00:05 +0000 2018,0.4019,0.31,0.69,0.0,62
@CNN,"India is the most dangerous country to be a woman, survey shows https://t.co/Yuy1gi5dBQ https://t.co/atzm7Lv24N",Tue Jun 26 06:48:06 +0000 2018,-0.5256,0.0,0.78,0.22,63
@CNN,Occupy ICE encampment faces eviction from federal grounds in Portland https://t.co/P3sTFvui6T https://t.co/ifw8iYEAaC,Tue Jun 26 06:30:04 +0000 2018,-0.4588,0.0,0.786,0.214,64
@CNN,A child fired a loaded gun he found in a couch at IKEA https://t.co/2cSFL63diP https://t.co/sEG5OwogkZ,Tue Jun 26 06:21:14 +0000 2018,-0.7184,0.0,0.625,0.375,65
@CNN,"$10 million worth of pot found, thanks to police dog https://t.co/5rnXVM6FE0 https://t.co/YpXVPNHrYD",Tue Jun 26 06:18:06 +0000 2018,0.5859,0.324,0.676,0.0,66
@CNN,Medical marijuana may soon be for sale in Arkansas. Is Oklahoma next?https://t.co/9lf51TM4Ye https://t.co/X2smkf92gK,Tue Jun 26 06:00:09 +0000 2018,0.0,0.0,1.0,0.0,67
@CNN,Why markets don't like US investment restrictions on China https://t.co/Kw0T90wxF2 https://t.co/S07Ycc39pz,Tue Jun 26 05:30:11 +0000 2018,-0.2755,0.0,0.826,0.174,68
@CNN,"India is the most dangerous country to be a woman, survey shows https://t.co/XAfPp1j4Te https://t.co/NrvdV0pSoA",Tue Jun 26 05:15:04 +0000 2018,-0.5256,0.0,0.78,0.22,69
@CNN,Heathrow gets go ahead to become world's biggest airport https://t.co/iOzWpLnYVi https://t.co/MtKKx0JP4I,Tue Jun 26 05:00:09 +0000 2018,0.0,0.0,1.0,0.0,70
@CNN,"$10 million worth of pot found, thanks to police dog https://t.co/69UbvWiQdJ https://t.co/CKZzL2lGPG",Tue Jun 26 04:45:02 +0000 2018,0.5859,0.324,0.676,0.0,71
@CNN,"More than 8,000 acres burned by wildfires in Northern California https://t.co/m6lYcfM1aC https://t.co/Tm3MpbQz9A",Tue Jun 26 04:30:15 +0000 2018,0.0,0.0,1.0,0.0,72
@CNN,These kids were carrying water in pots to fill up their pool. Then firefighters stopped to help.‚Ä¶ https://t.co/lvY6YJxEuN,Tue Jun 26 04:15:08 +0000 2018,-0.2263,0.0,0.899,0.101,73
@CNN,One of Canada's biggest music festivals is on pause because of a small bird and its nest of four eggs‚Ä¶ https://t.co/AwOtxlJ12t,Tue Jun 26 04:00:10 +0000 2018,0.3612,0.116,0.884,0.0,74
@CNN,"""That's not right. That's not American."" Sen. Chuck Schumer sharply criticizes fellow Democratic Rep. Maxine Waters‚Ä¶ https://t.co/UXbrklg8il",Tue Jun 26 03:46:09 +0000 2018,-0.34,0.0,0.87,0.13,75
@CNN,"A hot air balloon pilot was rescued from a lake after striking power lines during a festival in Howell, Michigan‚Ä¶ https://t.co/L9adguvh7Z",Tue Jun 26 03:31:08 +0000 2018,0.7184,0.273,0.727,0.0,76
@CNN,"RT @CNNTonight: ""The President has a lot to do with setting the tone and the tone has reduced to a low level that I have not seen before,""‚Ä¶",Tue Jun 26 03:25:06 +0000 2018,-0.2732,0.0,0.92,0.08,77
@CNN,"The oil and gas industry is coming for Colorado's sand dunes, writes Alana Miller for @CNNOpinion‚Ä¶ https://t.co/cdf4yaz8HQ",Tue Jun 26 03:15:03 +0000 2018,0.0,0.0,1.0,0.0,78
@CNN,"RT @CNNTonight: Former presidential adviser David Gergen says President Trump is a ""demagogue,"" adding ""but the only way we're going to res‚Ä¶",Tue Jun 26 03:09:58 +0000 2018,0.0,0.0,1.0,0.0,79
@CNN,RT @CuomoPrimeTime: NBA champ Draymond Green: We would say no to visiting the Trump White House again today https://t.co/MqQkiUzQ20 https:/‚Ä¶,Tue Jun 26 03:07:12 +0000 2018,0.2263,0.133,0.773,0.094,80
@CNN,Former President George HW Bush met with former President Bill Clinton and congratulated him on the publication of‚Ä¶ https://t.co/GiInYV7CRx,Tue Jun 26 03:00:07 +0000 2018,0.0,0.0,1.0,0.0,81
@CNN,Pentagon will be asked to OK plans to house immigrants on 2 bases https://t.co/YPtFxD3eAT https://t.co/x1plETAaUV,Tue Jun 26 02:45:04 +0000 2018,0.4466,0.184,0.816,0.0,82
@CNN,RT @CuomoPrimeTime: Rep. Debbie Wasserman Schultz tells @ChrisCuomo that ‚Äúprotecting children and keeping them with their parents‚Äù is a hil‚Ä¶,Tue Jun 26 02:44:56 +0000 2018,0.0,0.0,1.0,0.0,83
@CNN,"""I could not say anything to him because they took him away when he was asleep."" These parents were separated from‚Ä¶ https://t.co/8n7KaphuQv",Tue Jun 26 02:30:00 +0000 2018,0.0,0.0,1.0,0.0,84
@CNN,"Republican congressional candidate Antonio Sabato Jr. says Democratic Rep. Maxine Waters is a ‚Äúhustler of hate."" Th‚Ä¶ https://t.co/3ynOYvYOOt",Tue Jun 26 02:15:00 +0000 2018,0.0,0.0,1.0,0.0,85
@CNN,"Former White House communications director Anthony Scaramucci says President Trump should ""take the higher ground""‚Ä¶ https://t.co/YZeyh1aTQF",Tue Jun 26 02:00:12 +0000 2018,0.0,0.0,1.0,0.0,86
@CNN,"Facebook is falling for a faux scandal cooked up by conservatives, writes Angelo Carusone for @CNNOpinion‚Ä¶ https://t.co/qstGWlgClM",Tue Jun 26 01:45:06 +0000 2018,-0.5423,0.0,0.757,0.243,87
@CNN,Quickly catch up on the day's news https://t.co/k3jrSVf3rA https://t.co/WFo9eFMzvp,Tue Jun 26 01:30:12 +0000 2018,0.0,0.0,1.0,0.0,88
@CNN,This palace is one of the most culturally rich destinations in Vietnam https://t.co/AIclngDZ1L https://t.co/17wP17dRh1,Tue Jun 26 01:15:06 +0000 2018,0.5965,0.23,0.77,0.0,89
@CNN,"Flight attendants get more uterine, thyroid and other cancers, study finds https://t.co/ufKnxiOq5I https://t.co/rKxc4P1b0j",Tue Jun 26 01:00:10 +0000 2018,0.0,0.0,1.0,0.0,90
@CNN,Meet Trump's new approval rating. Same as his old approval rating. https://t.co/v7nwz2LGvc | Analysis by Chris Cill‚Ä¶ https://t.co/d6A6WdjwpI,Tue Jun 26 00:45:06 +0000 2018,0.7351,0.292,0.708,0.0,91
@CNN,Does President Trump's approval rating predict a 2020 re-election? https://t.co/3ZLpCL006e (via @CNNOpinion) https://t.co/wypeURiFId,Tue Jun 26 00:30:04 +0000 2018,0.4767,0.22,0.78,0.0,92
@CNN,Entire police force of Mexico town detained after mayoral candidate's assassination https://t.co/j09xa2R6EI https://t.co/R8eXw8Euff,Tue Jun 26 00:15:05 +0000 2018,-0.765,0.0,0.625,0.375,93
@CNN,"Democratic Rep. Maxine Waters' comments are dangerous, an ex-secret service agent writes for @CNNOpinion‚Ä¶ https://t.co/upPzpHjJ8U",Tue Jun 26 00:00:08 +0000 2018,-0.4767,0.0,0.819,0.181,94
@CNN,"Rep. Maxine Waters pushes back against President Trump, saying she wasn't calling for people to ""harm"" his supporte‚Ä¶ https://t.co/CQnYvyowwc",Mon Jun 25 23:45:07 +0000 2018,0.0,0.0,1.0,0.0,95
@CNN,Russian company asks court to say special counsel Robert Mueller's investigation is out of bounds‚Ä¶ https://t.co/3dX7ITlQ98,Mon Jun 25 23:40:08 +0000 2018,0.4019,0.153,0.847,0.0,96
@CNN,The real story behind President Trump's immigration executive order https://t.co/R9WKpccwO3 https://t.co/aGRA6nk7Ma,Mon Jun 25 23:33:04 +0000 2018,0.0,0.0,1.0,0.0,97
@CNN,Conservatives grumble about House GOP's handling of investigation into FBI https://t.co/zjBjyvGAYG https://t.co/LWs10ZJiXy,Mon Jun 25 23:26:06 +0000 2018,0.0,0.0,1.0,0.0,98
@CNN,"Internet mocks ""Permit Patty"" after woman threatens to call police about a black girl selling bottled water‚Ä¶ https://t.co/WgSiTZpCAh",Mon Jun 25 23:19:03 +0000 2018,-0.6808,0.0,0.728,0.272,99
@CNN,One sign targeted liberals. The other aimed at bigots. Even billboards battle in Texas. https://t.co/bD3r8DBHNH https://t.co/IKGQROGoOn,Mon Jun 25 23:12:07 +0000 2018,-0.3818,0.0,0.852,0.148,100
@FoxNews,".@RepMaxineWaters: ""Protest is the Democratic way‚Äî as long as it is peaceful."" https://t.co/8dq5byHBVY https://t.co/zcPpfbcpos",Mon Jun 25 23:07:08 +0000 2018,-0.25,0.0,0.867,0.133,1
@FoxNews,President @realDonaldTrump and @FLOTUS Melania Trump welcome King Abdullah II and Queen Rania of Jordan to the‚Ä¶ https://t.co/OOl69PobKy,Mon Jun 25 23:05:00 +0000 2018,0.4588,0.15,0.85,0.0,2
@FoxNews,"'This is very dangerous' 

Left setting new standard of incivility, critics say. https://t.co/wimbYXMbeY",Mon Jun 25 22:58:59 +0000 2018,-0.6801,0.0,0.663,0.337,3
@FoxNews,"Trump trade war with China puts 300,000 soybean farmers, $14 billion export industry in limbo. https://t.co/7ZzKVpY3Ch",Mon Jun 25 22:50:42 +0000 2018,-0.5994,0.0,0.794,0.206,4
@FoxNews,".@SenSchumer: ""Protest peacefully, but no one should call for the harassment of political opponents. That's not rig‚Ä¶ https://t.co/PaaDGnOezN",Mon Jun 25 22:44:52 +0000 2018,-0.7814,0.087,0.554,0.358,5
@FoxNews,'We're Not the Obama Admin': Sanders Battles Reporter Over WH Not 'Changing' Border Laws. https://t.co/TepBmgJTJo,Mon Jun 25 22:34:24 +0000 2018,-0.3818,0.0,0.843,0.157,6
@FoxNews,North Korea has opted not to hold an anti-U.S. rally for the first time in years. #SpecialReport‚Ä¶ https://t.co/9y7djpBDEU,Mon Jun 25 22:30:29 +0000 2018,0.0,0.0,1.0,0.0,7
@FoxNews,"Under fire, @RepMaxineWaters denies she called for 'harming people' in the Trump administration. https://t.co/vpggMWGHcX",Mon Jun 25 22:25:00 +0000 2018,-0.8316,0.0,0.556,0.444,8
@FoxNews,Chicago bar bans 'MAGA' hats and face tattoos. https://t.co/fdaUfSPOFq,Mon Jun 25 22:17:25 +0000 2018,0.0,0.0,1.0,0.0,9
@FoxNews,".@RepMaxineWaters: ""Trump is the one who is creating lies, trying to have people believe that I talked about harmin‚Ä¶ https://t.co/SvOemsK9bd",Mon Jun 25 22:10:39 +0000 2018,-0.1531,0.1,0.773,0.127,10
@FoxNews,"Burned and decapitated animal left on Homeland Security staffer's porch, report says https://t.co/LfCGK0oJDg",Mon Jun 25 21:59:39 +0000 2018,0.34,0.167,0.833,0.0,11
@FoxNews,".@PressSec heckled by Red Hen owner even after leaving, @GovMikeHuckabee says https://t.co/6kVWTJxt1F",Mon Jun 25 21:53:02 +0000 2018,0.0,0.0,1.0,0.0,12
@FoxNews,"Florida alligator escorted home following stops at CVS, Speedway: sheriff's office https://t.co/85kF8qWC6u",Mon Jun 25 21:46:25 +0000 2018,-0.1531,0.0,0.873,0.127,13
@FoxNews,Congresswoman Maxine Waters holds a news conference. https://t.co/sHd3QP9dvM,Mon Jun 25 21:35:24 +0000 2018,0.0,0.0,1.0,0.0,14
@FoxNews,.@POTUS departs from Andrews Air Force Base en route to South Carolina for a campaign rally with Governor‚Ä¶ https://t.co/h48KijHB7H,Mon Jun 25 21:31:46 +0000 2018,0.0,0.0,1.0,0.0,15
@FoxNews,"EXCLUSIVE: NY state suspends license of lawyer for ex-sailor suing @Comey, @BarackObama https://t.co/6bPHPtCT9b",Mon Jun 25 21:25:22 +0000 2018,0.0343,0.146,0.717,0.137,16
@FoxNews,"Illegal immigrant accused of raping, impregnating non-verbal 13-year-old girl https://t.co/ALkBdpJouX",Mon Jun 25 21:15:24 +0000 2018,-0.891,0.0,0.398,0.602,17
@FoxNews,THURSDAY: @BretBaier and @marthamaccallum moderate the Florida GOP gubernatorial debate at 6:30p ET on Fox News Cha‚Ä¶ https://t.co/xP2mgtxReD,Mon Jun 25 20:57:28 +0000 2018,0.0,0.0,1.0,0.0,18
@FoxNews,William Johnson on escalating trade tensions https://t.co/XKsZ8dzMjZ #Cavuto https://t.co/0VyY5p3QHY,Mon Jun 25 20:40:00 +0000 2018,-0.4019,0.0,0.748,0.252,19
@FoxNews,Tech shares hit as trade tensions escalate https://t.co/jBAmFeFoOZ #Cavuto https://t.co/se2zfTakjX,Mon Jun 25 20:30:01 +0000 2018,-0.128,0.171,0.62,0.209,20
@FoxNews,"""You mean are we walking around making up laws? No, because we're not the Obama administration. We're actually tryi‚Ä¶ https://t.co/T0n35BYhZ3",Mon Jun 25 20:21:16 +0000 2018,-0.296,0.0,0.896,0.104,21
@FoxNews,RT @FoxBusiness: Dow tumbles 328 points as US-China tariff spat heats up again https://t.co/6klqtDn9iZ,Mon Jun 25 20:17:33 +0000 2018,0.0,0.0,1.0,0.0,22
@FoxNews,".@PressSec: ""At some point Congress has to do what they were elected to do, and that is secure our border, that is‚Ä¶ https://t.co/c8O3B0JCZL",Mon Jun 25 20:15:26 +0000 2018,0.34,0.098,0.902,0.0,23
@FoxNews,".@PressSec: ""The president certainly supports keeping families together."" https://t.co/1XdX0O0rWn",Mon Jun 25 20:10:40 +0000 2018,0.5994,0.412,0.588,0.0,24
@FoxNews,".@PressSec: ""Anyone that goes to a port of entry seeking asylum will not be prosecuted."" https://t.co/SGWKI9Z9Dz",Mon Jun 25 20:08:33 +0000 2018,0.0,0.0,1.0,0.0,25
@FoxNews,.@PressSec Sanders decries 'calls for harassment' citing Rep. Maxine Waters and the restaurant episode. https://t.co/3PZY6qwybf,Mon Jun 25 20:07:47 +0000 2018,-0.5423,0.0,0.8,0.2,26
@FoxNews,".@PressSec: ""President Trump will continue to push for free, fair and reciprocal trade and hopes that the EU will j‚Ä¶ https://t.co/CQoy5tMeiV",Mon Jun 25 20:06:30 +0000 2018,0.8126,0.318,0.682,0.0,27
@FoxNews,".@PressSec: ""The president would like to see us stop people from illegally entering the country at all. We'd like t‚Ä¶ https://t.co/9i1ik0EHYK",Mon Jun 25 20:00:57 +0000 2018,0.4215,0.198,0.714,0.087,28
@FoxNews,".@PressSec: ""The calls for harassment and push for any Trump supporter to avoid the public is unacceptable."" https://t.co/7wC1Xl0cWW",Mon Jun 25 19:56:55 +0000 2018,-0.5574,0.092,0.658,0.25,29
@FoxNews,.@PressSec Sarah Sanders holds a @WhiteHouse briefing. https://t.co/wG52O89FFH,Mon Jun 25 19:53:34 +0000 2018,0.0,0.0,1.0,0.0,30
@FoxNews,"""We want to help you.""

Maryland man blows out his tire and is surprised by the police reaction. #ProudAmerican https://t.co/Z4XDS5a5mk",Mon Jun 25 19:48:19 +0000 2018,0.5994,0.258,0.742,0.0,31
@FoxNews,Dem Strategist: 'Hypocritical' for GOP to Call Out Maxine Waters After Trump's Behavior. https://t.co/Cv4gwC2xVC,Mon Jun 25 19:43:20 +0000 2018,0.0,0.0,1.0,0.0,32
@FoxNews,"Pilot abandons plane after landing it illegally on New Jersey beach, officials say. https://t.co/qPlA6ZhPi7",Mon Jun 25 19:40:00 +0000 2018,-0.3182,0.0,0.85,0.15,33
@FoxNews,"Wildfires in California are threatening hundreds of houses and businesses, forcing thousands of people from their h‚Ä¶ https://t.co/KMxQFs5aAu",Mon Jun 25 19:32:08 +0000 2018,-0.5267,0.0,0.833,0.167,34
@FoxNews,JUST IN: GOP lawmakers sign letter asking Deputy Attorney General Rosenstein for the names of everyone working on t‚Ä¶ https://t.co/sk1A2Avu5I,Mon Jun 25 19:21:22 +0000 2018,0.0,0.0,1.0,0.0,35
@FoxNews,Northern California wildfire jumps the single road leading to rural communities. https://t.co/Tqp02peaYx,Mon Jun 25 19:17:00 +0000 2018,0.0,0.0,1.0,0.0,36
@FoxNews,Glenn Beck accuses Brian Stelter of 'Trump Derangement Syndrome' https://t.co/OBc0fH6eDS,Mon Jun 25 19:13:10 +0000 2018,-0.34,0.0,0.789,0.211,37
@FoxNews,"President @realDonaldTrump mocks the 'dirty' Red Hen over 'filthy' building, defends @PressSec Sarah Sanders. https://t.co/jOrv79jSAr",Mon Jun 25 19:08:48 +0000 2018,-0.4588,0.0,0.824,0.176,38
@FoxNews,Mourners call for justice in the Pittsburgh-area shooting of Antwon Rose. https://t.co/ZT9iIXHSv1,Mon Jun 25 19:00:42 +0000 2018,0.1531,0.21,0.617,0.173,39
@FoxNews,"Mark Weber: ""This is hopefully an opportunity to educate the public about what this program is...and really know th‚Ä¶ https://t.co/jTh7crtkDZ",Mon Jun 25 19:00:41 +0000 2018,0.6705,0.234,0.766,0.0,40
@FoxNews,".@ChrisStirewalt: ""If we could all try to speak with as much dignity, and as much caring, and enough honesty as Cha‚Ä¶ https://t.co/23ju7CN6BV",Mon Jun 25 18:48:26 +0000 2018,0.8442,0.324,0.676,0.0,41
@FoxNews,".@POTUS on immigration: ""We want a system where when people come in illegally, they have to go out. A nice, simple‚Ä¶ https://t.co/k8O2TRVwTF",Mon Jun 25 18:37:34 +0000 2018,0.4767,0.186,0.814,0.0,42
@FoxNews,"Facebook rejects ads from restaurants, hair salons, because they're too 'political', report says https://t.co/CO9PJNTiJJ",Mon Jun 25 18:17:00 +0000 2018,-0.4939,0.0,0.802,0.198,43
@FoxNews,Couple escapes house fire on morning of wedding: 'It was a nice ending to a rather horrendous beginning' https://t.co/yW3zx0JMi4,Mon Jun 25 18:16:33 +0000 2018,-0.4404,0.183,0.553,0.264,44
@FoxNews,MOMENTS AGO: @POTUS and @FLOTUS welcome King Abdullah II and Queen Rania of Jordan https://t.co/BXmqcYgIIG,Mon Jun 25 18:11:14 +0000 2018,0.4588,0.176,0.824,0.0,45
@FoxNews,Farmer uses machine to toss crashed car from field as police watch https://t.co/e4Xa48mpyz,Mon Jun 25 17:51:53 +0000 2018,0.0,0.0,1.0,0.0,46
@FoxNews,".@RepRussell: ‚ÄúOversight of government is essential, and that includes the FBI and our intelligence services.‚Äù‚Ä¶ https://t.co/ODX5VqvMT5",Mon Jun 25 17:43:15 +0000 2018,0.4767,0.171,0.829,0.0,47
@FoxNews,'Pawn Stars' staple Richard Harrison dead: 5 fast facts about the 'Old Man' https://t.co/ffnuW4xkJb,Mon Jun 25 17:29:09 +0000 2018,-0.6486,0.0,0.736,0.264,48
@FoxNews,"Chicago police find 1,500 pounds of pot during traffic stop https://t.co/t0Vgpi16dV",Mon Jun 25 17:11:49 +0000 2018,-0.296,0.0,0.82,0.18,49
@FoxNews,"SeaWorld officials 'heartbroken' after girl, 5, fatally struck in parking lot https://t.co/CB61HSUOZx",Mon Jun 25 17:09:22 +0000 2018,-0.7351,0.0,0.617,0.383,50
@FoxNews,Man in suit paddleboards to work across Hudson River https://t.co/WVCyGUkQnl https://t.co/RKUYGmorx3,Mon Jun 25 17:01:07 +0000 2018,0.0,0.0,1.0,0.0,51
@FoxNews,.@Richardafowler: ‚ÄúI would rather see this president spend his time fixing our relationship with Canada and Germany‚Ä¶ https://t.co/OZ3gJm3XHD,Mon Jun 25 16:58:51 +0000 2018,0.0,0.0,1.0,0.0,52
@FoxNews,"Maryland man blows out tire, surprised by police reaction https://t.co/Z4XDS4StXK",Mon Jun 25 16:45:00 +0000 2018,0.2263,0.174,0.826,0.0,53
@FoxNews,Photo of the Day: A Pieridae butterfly sits on a lavender field in Germany. https://t.co/K8UOxAqYRm,Mon Jun 25 16:43:09 +0000 2018,0.0,0.0,1.0,0.0,54
@FoxNews,".@RCamposDuffy: ""The legislation that‚Äôs been put forward hits all four pillars that the president laid out.""‚Ä¶ https://t.co/fTaOyA6eLS",Mon Jun 25 16:36:00 +0000 2018,0.0,0.0,1.0,0.0,55
@FoxNews,.@HouseGOP leaders aiming for vote on compromise immigration bill this week #Outnumbered https://t.co/yi85avqAhK,Mon Jun 25 16:30:00 +0000 2018,0.0,0.0,1.0,0.0,56
@FoxNews,OPINION: Trump's idea to merge education and labor departments makes a lot of sense https://t.co/r9mEFfinhH,Mon Jun 25 16:23:08 +0000 2018,0.0,0.0,1.0,0.0,57
@FoxNews,"Florida hit-and-run driver ‚Äòpurposely‚Äô mowed down family, killing father, police say https://t.co/BSYyof3CX0",Mon Jun 25 16:17:26 +0000 2018,-0.6597,0.0,0.714,0.286,58
@FoxNews,RT @FoxBusiness: Trump Space Force could fuel next trillion-dollar economy: Morgan Stanley https://t.co/AI0uHqMv7V,Mon Jun 25 16:16:23 +0000 2018,0.0,0.0,1.0,0.0,59
@FoxNews,"Hezbollah reportedly claims Facebook, Twitter have disabled their main accounts https://t.co/QAJbAIyaGo (via @christocarbone)",Mon Jun 25 16:12:00 +0000 2018,0.0,0.0,1.0,0.0,60
@FoxNews,RT @FoxBusiness: Harley-Davidson to take big hit from EU tariffs. https://t.co/hgVwmS8pf6 https://t.co/1swlILT4cS,Mon Jun 25 16:08:48 +0000 2018,0.0,0.0,1.0,0.0,61
@FoxNews,Sprint car driver Jason Johnson dead after racing crash https://t.co/z3e08q4uvQ,Mon Jun 25 15:56:48 +0000 2018,-0.7906,0.0,0.533,0.467,62
@FoxNews,Dow down on trade concerns @AmericaNewsroom https://t.co/rp0I1bGdKG,Mon Jun 25 15:47:47 +0000 2018,0.0,0.0,1.0,0.0,63
@FoxNews,RT @FoxBusiness: Treasury Secretary @stevenmnuchin1 tweeted his response to reports of @POTUS' plan to bar Chinese companies from investing‚Ä¶,Mon Jun 25 15:40:07 +0000 2018,0.2023,0.091,0.909,0.0,64
@FoxNews,"Breaking News: California fire captain dead, another firefighter wounded in shooting at apartment complex https://t.co/K4jyD2jNnR",Mon Jun 25 15:38:06 +0000 2018,-0.7717,0.0,0.66,0.34,65
@FoxNews,Legendary filmmaker David Lynch said Saturday that President Trump could go down to be one of the greatest presiden‚Ä¶ https://t.co/rI9qGIzQ7n,Mon Jun 25 15:28:26 +0000 2018,0.6369,0.181,0.819,0.0,66
@FoxNews,"Shooting at California senior-living apartment complex leaves 3 wounded, including 2 firefighters https://t.co/K4jyD2jNnR",Mon Jun 25 15:20:37 +0000 2018,0.0,0.0,1.0,0.0,67
@FoxNews,"Protesters swarm Iran's Grand Bazaar in Tehran, force shops to close in anger over economy https://t.co/JzcksP2iLD",Mon Jun 25 15:10:22 +0000 2018,-0.3818,0.139,0.602,0.259,68
@FoxNews,RT @FoxBusiness: Lockheed Martin secures $1.2B contract to sell new F-16 fighter jets https://t.co/loQe5TmUXK,Mon Jun 25 14:58:39 +0000 2018,0.4404,0.245,0.755,0.0,69
@FoxNews,"Masked men terrorize Texas family, burn child with hot water during home invasion, officials say https://t.co/aOCuTW2fcs",Mon Jun 25 14:50:12 +0000 2018,-0.6486,0.0,0.777,0.223,70
@FoxNews,JUST IN: Richard 'Old Man' Harrison of 'Pawn Stars' dead at 77 https://t.co/0masYBkXz3,Mon Jun 25 14:37:32 +0000 2018,-0.6486,0.0,0.736,0.264,71
@FoxNews,".@GOPLeader: ‚ÄúFor the first time in America, there are more jobs offered than people actually looking for it. This‚Ä¶ https://t.co/6TGkHoffUe",Mon Jun 25 14:36:50 +0000 2018,0.0,0.0,1.0,0.0,72
@FoxNews,".@GOPLeader: ‚ÄúThere will be a vote this week, and not only will it put the money forward for the wall, it will tie‚Ä¶ https://t.co/N4TEzqtapI",Mon Jun 25 14:33:57 +0000 2018,0.0,0.0,1.0,0.0,73
@FoxNews,"RT @Fox411: Richard 'Old Man' Harrison, of 'Pawn Stars,' has died at 77 https://t.co/dBXTpKG8Ep https://t.co/S79tKzBUp8",Mon Jun 25 14:31:21 +0000 2018,-0.5574,0.0,0.795,0.205,74
@FoxNews,.@GOPLeader: ‚ÄúWe know the border is not secure‚Ä¶The president has been working to solve this problem. We‚Äôve got to b‚Ä¶ https://t.co/UC1QpwkTQz,Mon Jun 25 14:23:55 +0000 2018,-0.3237,0.075,0.794,0.131,75
@FoxNews,'Making a Murderer' case will not be heard by Supreme Court https://t.co/cRo1AYD4pJ,Mon Jun 25 14:20:56 +0000 2018,-0.25,0.209,0.523,0.267,76
@FoxNews,Restaurant apologizes to transgender woman unlawfully hassled for ID before using restroom https://t.co/n2CLdOCBA2,Mon Jun 25 13:58:08 +0000 2018,0.3612,0.172,0.828,0.0,77
@FoxNews,McCaskill suffers cracked rib after Manchin performs Heimlich maneuver on her https://t.co/vLpXaZkn6Z,Mon Jun 25 13:15:34 +0000 2018,-0.4767,0.0,0.78,0.22,78
@FoxNews,China looks to bolster surveillance network with birdlike drones https://t.co/lY5NfM3Wrd,Mon Jun 25 13:12:42 +0000 2018,0.0,0.0,1.0,0.0,79
@FoxNews,.@DevinNunes: ‚ÄúI don‚Äôt think they are going to meet the deadline.‚Äù https://t.co/zRli41XgQy,Mon Jun 25 13:07:23 +0000 2018,0.0,0.0,1.0,0.0,80
@FoxNews,"North Korea's anti-US souvenirs, posters reportedly disappearing in wake of Trump-Kim summit https://t.co/prYDIRlxne",Mon Jun 25 13:05:01 +0000 2018,0.0,0.0,1.0,0.0,81
@FoxNews,"‚ÄúI am not going to be bullied by them.‚Äù

@AGPamBondi on protesters heckling her outside a showing of Mr. Rogers doc‚Ä¶ https://t.co/LFwIleoypq",Mon Jun 25 12:58:02 +0000 2018,-0.7184,0.0,0.76,0.24,82
@FoxNews,NFL's only active player to hold medical degree denied request to put 'MD' on jersey: report https://t.co/f3njtJno2C,Mon Jun 25 12:42:17 +0000 2018,-0.0516,0.131,0.728,0.141,83
@FoxNews,"Trump mocks 'dirty' Red Hen over 'filthy' building, defends Sarah Sanders - via @brookefoxnews 
https://t.co/nrLAyNSIcL",Mon Jun 25 12:25:46 +0000 2018,-0.4588,0.0,0.812,0.188,84
@FoxNews,Filmmaker David Lynch believes Trump could be one of greatest presidents in history https://t.co/6V40OoJuuX,Mon Jun 25 12:23:29 +0000 2018,0.6369,0.244,0.756,0.0,85
@FoxNews,'Westworld' star Evan Rachel Wood goes on hunger strike for families separated at US border https://t.co/HyrVPAhaD6,Mon Jun 25 12:01:01 +0000 2018,-0.3612,0.0,0.8,0.2,86
@FoxNews,Mark Warner reportedly jokes about revealing info on Russia probe at fundraiser https://t.co/r6PsIZJD3t,Mon Jun 25 11:29:20 +0000 2018,0.25,0.143,0.857,0.0,87
@FoxNews,".@FLOTUS: ""Treat your community like your family and look out for one another."" https://t.co/2Q5wzunzds",Mon Jun 25 11:15:51 +0000 2018,0.6369,0.302,0.698,0.0,88
@FoxNews,Koreas discuss removing North's artillery from tense border https://t.co/2tFlC2vgKe,Mon Jun 25 11:11:18 +0000 2018,-0.34,0.0,0.769,0.231,89
@FoxNews,China blocks HBO's website after John Oliver's segment on Xi Jinping: report https://t.co/xw4qN47q8H,Mon Jun 25 11:04:57 +0000 2018,-0.2263,0.0,0.863,0.137,90
@FoxNews,"Houston Astros player switches look during game, still goes hitless https://t.co/6VtE8bgl5D",Mon Jun 25 10:55:25 +0000 2018,0.0,0.0,1.0,0.0,91
@FoxNews,.@ZTB: ‚ÄúThey don‚Äôt have a message and we do‚Ä¶ We‚Äôre trying to make this country great again and I‚Äôm behind it 100%.‚Äù https://t.co/ZXUL0PTUBt,Mon Jun 25 10:38:01 +0000 2018,0.6249,0.163,0.837,0.0,92
@FoxNews,.@ZTB: ‚ÄúThe party of tolerance is only tolerant if you agree with them‚Ä¶ You either fall in line or get out of line.‚Äù https://t.co/QPD50u3Fry,Mon Jun 25 10:36:00 +0000 2018,0.8176,0.322,0.678,0.0,93
@FoxNews,".@ZTB: ‚ÄúIf your message is hate Trump, you‚Äôre really not getting very far‚Ä¶ with your agenda and what you‚Äôre trying‚Ä¶ https://t.co/DGQTlXGvi9",Mon Jun 25 10:34:13 +0000 2018,-0.5719,0.0,0.844,0.156,94
@FoxNews,"Scientist shot dead in front of daughters, 2 and 4, during California camping trip https://t.co/JitRKKQW5X",Mon Jun 25 10:22:09 +0000 2018,-0.6486,0.0,0.751,0.249,95
@FoxNews,16-year-old NASCAR driver receives high school diploma before race https://t.co/ZZyUwnU5SL,Mon Jun 25 10:10:53 +0000 2018,0.0,0.0,1.0,0.0,96
@FoxNews,Trump's challenge coins create both controversy and cash grab https://t.co/onL9K9Fq4Y,Mon Jun 25 10:08:59 +0000 2018,0.34,0.298,0.702,0.0,97
@FoxNews,OPINION: Red Hen teaches Sarah Huckabee Sanders that Virginia is for PC bullies (not for lovers) https://t.co/jd1kIQQRmR,Mon Jun 25 09:52:49 +0000 2018,0.0,0.0,1.0,0.0,98
@FoxNews,Dog stuck on roof of Minnesota home is brought inside to safety https://t.co/lrmyvXb8nn,Mon Jun 25 09:48:52 +0000 2018,0.2023,0.177,0.696,0.127,99
@FoxNews,"Algeria abandons 13,000 migrants in the Sahara https://t.co/f9tBNEEslc",Mon Jun 25 09:45:18 +0000 2018,-0.3182,0.0,0.753,0.247,100
@nytimes,"Even after qualifying for it, thousands of people in New Zealand still must wait for public housing, sometimes for‚Ä¶ https://t.co/4iii1rPRyq",Mon Jun 25 09:44:05 +0000 2018,0.0,0.0,1.0,0.0,1
@nytimes,Uber this week begins an appeal to reverse a decision by London's regulators to revoke its operating license https://t.co/vIfGF7pjjI,Mon Jun 25 09:29:06 +0000 2018,0.0,0.0,1.0,0.0,2
@nytimes,"RT @NYTFashion: It is one of the most secretive brands in the luxury business, with mysterious billionaire owners and virtually no communic‚Ä¶",Mon Jun 25 09:16:03 +0000 2018,-0.296,0.0,0.905,0.095,3
@nytimes,President Trump said that those who cross into the United States illegally should be sent back immediately without‚Ä¶ https://t.co/xvMDgnGLE2,Mon Jun 25 09:00:20 +0000 2018,0.4215,0.135,0.865,0.0,4
@nytimes,"Parents of more than 2,300 children who were separated after their arrival in the United States now face lengthy bu‚Ä¶ https://t.co/uLotoErlgX",Mon Jun 25 08:43:05 +0000 2018,0.4215,0.123,0.877,0.0,5
@nytimes,"The Hungarian State Opera canceled performances of the musical ""Billy Elliot,"" after a newspaper columnist accused‚Ä¶ https://t.co/7PKl55TmFF",Mon Jun 25 08:32:07 +0000 2018,0.0,0.0,1.0,0.0,6
@nytimes,"""They have a right to seek asylum, and that isn't being guaranteed at the moment. It's kind of like you are jailed‚Ä¶ https://t.co/aXJFB7RI25",Mon Jun 25 08:16:04 +0000 2018,0.2975,0.095,0.905,0.0,7
@nytimes,"For the second time this month, the authorities in Italy and Malta are refusing to allow a rescue ship with hundred‚Ä¶ https://t.co/TlAM6svKWy",Mon Jun 25 07:59:05 +0000 2018,0.3612,0.201,0.695,0.104,8
@nytimes,"RT @nytimesworld: Kim Jong-pil, who died Saturday at 92, was the last of the ‚ÄúThree Kims‚Äù who dominated South Korean politics for decades h‚Ä¶",Mon Jun 25 07:46:03 +0000 2018,-0.5574,0.0,0.865,0.135,9
@nytimes,"Turkish voters gave Recep Tayyip Erdogan a decisive victory in national elections on Sunday, granting him vastly ex‚Ä¶ https://t.co/AiAYjFEmK1",Mon Jun 25 07:30:06 +0000 2018,0.4939,0.208,0.792,0.0,10
@nytimes,Elizabeth Warren denounced President Trump's policies in Reno. Hours later he responded in Las Vegas with a slur. S‚Ä¶ https://t.co/Uf4Hxj1D3I,Mon Jun 25 07:21:24 +0000 2018,0.0,0.0,1.0,0.0,11
@nytimes,Ever Felt Jealous of a Friend‚Äôs Accomplishment? Here‚Äôs How to Get Around It https://t.co/vxekIjSsRM,Mon Jun 25 07:04:09 +0000 2018,-0.4588,0.0,0.8,0.2,12
@nytimes,Germany and Italy at Odds as Leaders Confer on Migration https://t.co/ZpPNLj0y0r,Mon Jun 25 06:49:35 +0000 2018,0.0,0.0,1.0,0.0,13
@nytimes,"The Warped Tour has showcased female stars over the years, including No Doubt, Katy Perry and Paramore, but its gen‚Ä¶ https://t.co/ldFiKwHH5U",Mon Jun 25 06:38:54 +0000 2018,-0.3291,0.0,0.85,0.15,14
@nytimes,Former editors and reporters from The Denver Post are starting their own news outlet called The Colorado Sun https://t.co/akBrZbuUBC,Mon Jun 25 06:22:02 +0000 2018,0.0,0.0,1.0,0.0,15
@nytimes,"Nina Simone's childhood home is now a National Treasure
https://t.co/btTjQ7mHm5",Mon Jun 25 06:05:32 +0000 2018,0.296,0.216,0.784,0.0,16
@nytimes,We've brought you a new way to follow all of the World Cup action. Sign up for direct messages from @NYTsports in R‚Ä¶ https://t.co/W7Z8awykrK,Mon Jun 25 05:49:26 +0000 2018,0.0,0.0,1.0,0.0,17
@nytimes,"RT @nytimestravel: The mayor of Palma de Majorica is banning short-term rentals through sites like Airbnb, as residents complain they are a‚Ä¶",Mon Jun 25 05:31:58 +0000 2018,0.0,0.1,0.8,0.1,18
@nytimes,This tent city houses migrant children between 13 and 17. Reporters haven‚Äôt been allowed in ‚Äî so we used aerial ima‚Ä¶ https://t.co/QgnjzX6tQ3,Mon Jun 25 05:15:49 +0000 2018,0.0,0.0,1.0,0.0,19
@nytimes,"Yayoi Kusama first presented ""Narcissus Garden"" at the 1966 Venice Biennale. On July 1, it comes to the Rockaways. https://t.co/ZwlF9dq1yn",Mon Jun 25 05:00:57 +0000 2018,0.0,0.0,1.0,0.0,20
@nytimes,Elon Musk said a disgruntled employee had broken into Tesla's computer systems in an attempt to disrupt manufacturi‚Ä¶ https://t.co/VUPvO047BE,Mon Jun 25 04:44:39 +0000 2018,-0.4767,0.0,0.846,0.154,21
@nytimes,"""There is a stream of bourbon and water running down the hillside that has taken much time to properly and thorough‚Ä¶ https://t.co/SNwu6vCTrL",Mon Jun 25 04:30:06 +0000 2018,0.0,0.0,1.0,0.0,22
@nytimes,Uber Claims to Have Changed. A London Judge Will Decide. https://t.co/KPUDqz5fDp,Mon Jun 25 04:18:18 +0000 2018,0.0,0.0,1.0,0.0,23
@nytimes,"75% of Americans say immigration is good for the nation, the most to say so since at least 2001, according to a new‚Ä¶ https://t.co/xAgsefAcTs",Mon Jun 25 04:15:28 +0000 2018,0.4404,0.116,0.884,0.0,24
@nytimes,The current system favors low-risk research and proposals by older scientists and white men https://t.co/146dobJptF,Mon Jun 25 04:00:40 +0000 2018,0.25,0.125,0.875,0.0,25
@nytimes,Astronomers have discovered thousands of exoplanets circling other stars within our galaxy. Is life only possible o‚Ä¶ https://t.co/x0UltP8oNg,Mon Jun 25 03:42:47 +0000 2018,0.0,0.0,1.0,0.0,26
@nytimes,"‚ÄúI‚Äôm not 20. I don‚Äôt want to be 20, but I‚Äôm really freaking cool.‚Äù Meet the grandmas of Instagram. https://t.co/duHxApd9iL",Mon Jun 25 03:23:33 +0000 2018,-0.6429,0.0,0.764,0.236,27
@nytimes,"""YES WE ALL CARE. Y-DON‚ÄôT-U.""

See some of the messages that people are painting and taping on their jackets in res‚Ä¶ https://t.co/GJrDqwWxXw",Mon Jun 25 03:05:14 +0000 2018,0.8109,0.269,0.731,0.0,28
@nytimes,‚ÄòA Catharsis Sculpture‚Äô: An Artist Makes a Monument to Cancer Survivors https://t.co/K6m4Ht0XA2,Mon Jun 25 02:50:48 +0000 2018,-0.6597,0.0,0.694,0.306,29
@nytimes,Elephants have more smell receptors than any mammal ‚Äì including dogs ‚Äì and can sniff out food that is several miles‚Ä¶ https://t.co/U6dl965Zda,Mon Jun 25 02:47:14 +0000 2018,0.0,0.0,1.0,0.0,30
@nytimes,‚ÄúWe now have concrete evidence that Scott Pruitt offered to use taxpayer resources to do favors for the lobbyist wh‚Ä¶ https://t.co/OIL8UUGZy3,Mon Jun 25 02:32:28 +0000 2018,0.25,0.091,0.909,0.0,31
@nytimes,"RT @jdelreal: My latest piece looks at safety in South LA, where residents say poorly designed roads, a history of disinvestment, &amp; runaway‚Ä¶",Mon Jun 25 02:14:12 +0000 2018,0.4215,0.118,0.882,0.0,32
@nytimes,A Times reporter's past affair with a security aide. A leak inquiry alarming First Amendment groups. Inside the cas‚Ä¶ https://t.co/3ecWdAlGiK,Mon Jun 25 01:55:07 +0000 2018,-0.128,0.118,0.69,0.192,33
@nytimes,Teenager Is Missing After Walking Away From Migrant Children‚Äôs Center in Texas https://t.co/K5aauMtlTq,Mon Jun 25 01:31:01 +0000 2018,-0.296,0.0,0.845,0.155,34
@nytimes,"RT @NYTmag: This week's cover story: How One Conservative Think Tank Is Stocking Trump‚Äôs Government, by @jonathanmahler https://t.co/HROniK‚Ä¶",Mon Jun 25 01:13:02 +0000 2018,0.0,0.0,1.0,0.0,35
@nytimes,Former Trump Aide Apologizes for ‚ÄòCotton-Picking‚Äô Remark to Black Guest on Fox News https://t.co/TrjONQnE4b,Mon Jun 25 00:55:13 +0000 2018,0.3612,0.161,0.839,0.0,36
@nytimes,"Stormy Daniels, Actress Linked to President Trump, to Meet With Prosecutors https://t.co/n82lq3gLyM",Mon Jun 25 00:52:54 +0000 2018,0.0,0.0,1.0,0.0,37
@nytimes,"2 years ago, NASA dismissed and mocked an amateur who criticized a database of asteroid findings. Now Nathan Myhrvo‚Ä¶ https://t.co/gXQgS4QJBH",Mon Jun 25 00:50:31 +0000 2018,-0.5859,0.0,0.769,0.231,38
@nytimes,How an Affair Between a Reporter and a Security Aide Has Rattled Washington Media https://t.co/LtMmwVW7Sc,Mon Jun 25 00:33:12 +0000 2018,0.34,0.167,0.833,0.0,39
@nytimes,"Every 17 years, cicadas show up everywhere in the Onondaga Nation in upstate New York https://t.co/kBmg43Qa3h",Mon Jun 25 00:30:10 +0000 2018,0.0,0.0,1.0,0.0,40
@nytimes,"RT @nytimesarts: Florence Welch on her new album, tour and self: ‚ÄúIt‚Äôs just I‚Äôm less drunk, and there is less glitter.‚Äù https://t.co/wSM9TJ‚Ä¶",Mon Jun 25 00:15:24 +0000 2018,-0.2748,0.0,0.909,0.091,41
@nytimes,Trump‚Äôs Trade War Shuts Cheesemakers Out of Foreign Markets https://t.co/RJ38z2PcZ9,Sun Jun 24 23:59:36 +0000 2018,-0.5994,0.0,0.698,0.302,42
@nytimes,RT @kenvogel: NEW: The White House Communications Agency team that made the TRUMP-KIM JONG-UN coins also made coins with Mar-a-Lago on one‚Ä¶,Sun Jun 24 23:50:07 +0000 2018,0.0,0.0,1.0,0.0,43
@nytimes,Politics Ensnare Mohamed Salah and Switzerland at the World Cup https://t.co/hNkkWuvVew,Sun Jun 24 23:38:13 +0000 2018,0.0,0.0,1.0,0.0,44
@nytimes,"Nonfiction: In One City, 2,000 Years of Gay History https://t.co/cHCzb9lEEd",Sun Jun 24 23:31:07 +0000 2018,0.0,0.0,1.0,0.0,45
@nytimes,"A new pattern of behavior in domestic abuse cases is tied to smart home technology. Internet-connected locks, speak‚Ä¶ https://t.co/OCTUNlHhPL",Sun Jun 24 23:23:12 +0000 2018,-0.3612,0.118,0.699,0.183,46
@nytimes,"This year‚Äôs list of the World‚Äôs 50 Best Restaurants was revealed in Bilbao, Spain https://t.co/ZNrTRU48cm",Sun Jun 24 23:06:36 +0000 2018,0.6369,0.231,0.769,0.0,47
@nytimes,"‚ÄúWhat country are you a citizen of?"" the Border Patrol agent asked a driver at a highway checkpoint in Maine https://t.co/JDvaeMfOxs",Sun Jun 24 22:49:19 +0000 2018,0.0,0.0,1.0,0.0,48
@nytimes,Scientists are wondering why an ozone-layer destroying gas is hanging in the air. Come along as we follow a trail o‚Ä¶ https://t.co/avInLCtMht,Sun Jun 24 22:30:05 +0000 2018,-0.5574,0.0,0.847,0.153,49
@nytimes,Pakistan's Taliban appoints a new leader known for extortion and promoting violence against health workers https://t.co/onvYWg7BTz,Sun Jun 24 22:15:06 +0000 2018,-0.3818,0.128,0.663,0.209,50
@nytimes,Teenage Girl Helps a Blind and Deaf Passenger and Wins Praise for Doing ‚ÄòSomething Beautiful‚Äô https://t.co/4QcCZEYIFL,Sun Jun 24 22:08:28 +0000 2018,0.802,0.419,0.466,0.114,51
@nytimes,"‚ÄúIt seems like such a lonely life to be deaf and blind ‚Äî to not be able to see and hear,‚Äù said Clara, 15, who helpe‚Ä¶ https://t.co/14Zn0YmjeV",Sun Jun 24 22:00:03 +0000 2018,-0.4019,0.084,0.741,0.175,52
@nytimes,Saudi Arabia lifted its ban on women driving today. We heard from women there about how their lives are changing ‚Äî‚Ä¶ https://t.co/m0yeCMYX8H,Sun Jun 24 21:45:05 +0000 2018,-0.5574,0.0,0.854,0.146,53
@nytimes,"RT @nytvideo: For a while, President Recep Tayyip Erdogan was the face of modern Islam in Turkey ‚Äî but over the past two years, he‚Äôs jailed‚Ä¶",Sun Jun 24 21:31:07 +0000 2018,0.0,0.0,1.0,0.0,54
@nytimes,Uber this week begins an appeal to reverse a decision by London‚Äôs regulators to revoke its operating license https://t.co/YahYDcc9Qd,Sun Jun 24 21:30:16 +0000 2018,0.0,0.0,1.0,0.0,55
@nytimes,"Breaking News: Turkey‚Äôs president, Recep Tayyip Erdogan, claimed victory in an election that grants him sweeping ne‚Ä¶ https://t.co/TymE6H35jo",Sun Jun 24 21:25:41 +0000 2018,0.2263,0.101,0.899,0.0,56
@nytimes,"Orkambi, a new drug to treat cystic fibrosis, costs $272,000 a year, but has been shown to only modestly help patie‚Ä¶ https://t.co/YdNx9oLfwZ",Sun Jun 24 21:15:06 +0000 2018,0.6597,0.231,0.769,0.0,57
@nytimes,Here are some ideas for what to cook this week https://t.co/F2Kl6fyULC,Sun Jun 24 21:00:19 +0000 2018,0.0,0.0,1.0,0.0,58
@nytimes,"""The movement itself is every day of the year."" As people across the U.S. celebrate Pride, we asked readers what th‚Ä¶ https://t.co/VX0elBds6x",Sun Jun 24 20:52:05 +0000 2018,0.7269,0.234,0.766,0.0,59
@nytimes,The artist Prune Nourry created a 13-foot-tall cement sculpture of a female warrior as a tribute to breast cancer s‚Ä¶ https://t.co/3tmplvdmxQ,Sun Jun 24 20:45:05 +0000 2018,-0.5267,0.089,0.714,0.196,60
@nytimes,President Recep Tayyip Erdogan of Turkey claimed victory on Sunday in the country‚Äôs presidential election https://t.co/cphmvvtfsv,Sun Jun 24 20:42:31 +0000 2018,0.0,0.0,1.0,0.0,61
@nytimes,‚ÄúCatfish‚Äù will resume filming after an investigation into a sexual harassment allegation against the show‚Äôs co-host‚Ä¶ https://t.co/UlbTtQjUab,Sun Jun 24 20:30:07 +0000 2018,-0.5423,0.0,0.811,0.189,62
@nytimes,"New Zealand's prime minister said her newborn daughter's middle name, Te Aroha, which means ""love"" in the Maori lan‚Ä¶ https://t.co/GoEfKkvV3C",Sun Jun 24 20:15:05 +0000 2018,0.0,0.0,1.0,0.0,63
@nytimes,This tent city houses migrant children between 13 and 17. Reporters haven‚Äôt been allowed in ‚Äî so we used aerial ima‚Ä¶ https://t.co/wGaCcHQHuW,Sun Jun 24 20:00:20 +0000 2018,0.0,0.0,1.0,0.0,64
@nytimes,"Parents of more than 2,300 children who were separated after their arrival in the United States now face lengthy bu‚Ä¶ https://t.co/lG5HBTEssV",Sun Jun 24 19:45:05 +0000 2018,0.4215,0.123,0.877,0.0,65
@nytimes,Dino-mite? Not quite. But ‚ÄúJurassic World: Fallen Kingdom‚Äù arrived to a still-huge $150 million in ticket sales ove‚Ä¶ https://t.co/JGqDeegAmm,Sun Jun 24 19:30:05 +0000 2018,-0.5023,0.0,0.84,0.16,66
@nytimes,"In Opinion

Op-Ed contributor Sonia Nazario writes, ""Law and order can go hand in hand with humanity. It‚Äôs the Amer‚Ä¶ https://t.co/ynUZpG2jvF",Sun Jun 24 19:15:01 +0000 2018,0.7506,0.252,0.748,0.0,67
@nytimes,‚ÄúWe now have concrete evidence that Scott Pruitt offered to use taxpayer resources to do favors for the lobbyist wh‚Ä¶ https://t.co/VzSsORzuKD,Sun Jun 24 19:00:05 +0000 2018,0.25,0.091,0.909,0.0,68
@nytimes,"President Recep Tayyip Erdogan was leading Sunday in early balloting for the presidency, with 55 percent of the vot‚Ä¶ https://t.co/XWNUxmvIgR",Sun Jun 24 18:45:04 +0000 2018,0.0,0.0,1.0,0.0,69
@nytimes,"As he eyes a 2020 presidential run, Bernie Sanders is gaining traction among Democrats for his ideas, but having tr‚Ä¶ https://t.co/o3LJS62zDF",Sun Jun 24 18:30:08 +0000 2018,0.2263,0.091,0.909,0.0,70
@nytimes,"‚ÄúWhat country are you a citizen of?"" the Border Patrol agent asked a driver at a highway checkpoint in Maine https://t.co/6oVSbYD2zO",Sun Jun 24 18:15:05 +0000 2018,0.0,0.0,1.0,0.0,71
@nytimes,"As school shootings mount ‚Äî more than 200 have occurred since the one in Newtown, Conn., in 2012 ‚Äî educators face t‚Ä¶ https://t.co/ogUTp7iLeB",Sun Jun 24 18:00:10 +0000 2018,0.0,0.0,1.0,0.0,72
@nytimes,"Everyone who ever spent even a few minutes with Obama, it seems, has written a book about it https://t.co/A4k099SlVk",Sun Jun 24 17:45:05 +0000 2018,0.0,0.0,1.0,0.0,73
@nytimes,President Trump suggested sending people who ‚Äúinvade‚Äù the United States ‚Äúback from where they came‚Äù without legal p‚Ä¶ https://t.co/QB1pcQY9FX,Sun Jun 24 17:30:17 +0000 2018,0.3464,0.132,0.803,0.065,74
@nytimes,"Here are the week‚Äôs top stories, and a look ahead https://t.co/O9yP5DbHux",Sun Jun 24 17:15:03 +0000 2018,0.2023,0.167,0.833,0.0,75
@nytimes,"U.S. politicians talk a lot about the importance of families, but their policies don't match up to their words https://t.co/y9xW0GrzGr",Sun Jun 24 17:00:13 +0000 2018,0.1901,0.089,0.911,0.0,76
@nytimes,"Colombia, a team many thought could win the Group H, will look to rebound after losing its opener to Japan https://t.co/F28DqKpOWx",Sun Jun 24 16:45:10 +0000 2018,0.296,0.156,0.738,0.107,77
@nytimes,Tens of thousands of Britons opposed to the country‚Äôs withdrawal from the European Union marched through the street‚Ä¶ https://t.co/lSR9QKbdcF,Sun Jun 24 16:30:12 +0000 2018,0.0258,0.058,0.942,0.0,78
@nytimes,"Under President Trump, once stately medallions have gotten glitzier, and at least one featured a Trump property https://t.co/SiId7NtLU2",Sun Jun 24 16:15:07 +0000 2018,0.0,0.0,1.0,0.0,79
@nytimes,"RT @NYTStyles: Every day is so wonderful
Then suddenly 
It's hard to breathe
Now and then I get insecure 
From all the pain
I'm so ashamed‚Ä¶",Sun Jun 24 16:01:19 +0000 2018,-0.1923,0.143,0.632,0.226,80
@nytimes,"Prince William has kicked off a ""historic"" visit to the Middle East, with planned stops in Jordan, Israel and the P‚Ä¶ https://t.co/Gpdq2TvOQ8",Sun Jun 24 16:00:04 +0000 2018,-0.1531,0.0,0.926,0.074,81
@nytimes,"@NYTStyles You are beautiful
No matter what they say
Words can't bring you down
Oh no
You are beautiful
In every si‚Ä¶ https://t.co/g75JRurQMj",Sun Jun 24 15:55:29 +0000 2018,0.6705,0.284,0.575,0.141,82
@nytimes,"In Opinion

Op-Ed columnist @MaureenDowd writes, ""Donald and Ivanka are consumed with protecting their own brands.‚Ä¶ https://t.co/K4qjgTQsmx",Sun Jun 24 15:45:06 +0000 2018,0.0,0.0,1.0,0.0,83
@nytimes,The federal government said it had reunited 522 migrant children who were separated at the border as part of Presid‚Ä¶ https://t.co/WXpZnDyfA3,Sun Jun 24 15:30:04 +0000 2018,0.0,0.0,1.0,0.0,84
@nytimes,Japan takes on Senegal in a Group H match between 2 underdogs who pulled off upsets in their first games of this Wo‚Ä¶ https://t.co/MNcWYoZR92,Sun Jun 24 15:15:10 +0000 2018,-0.3612,0.0,0.889,0.111,85
@nytimes,"The World‚Äôs Ugliest Dog contest is actually a celebration of the dogs, many of which were rescued from shelters or‚Ä¶ https://t.co/dwpcORBEVR",Sun Jun 24 15:00:05 +0000 2018,-0.25,0.114,0.732,0.154,86
@nytimes,"Jared Kushner, President Trump‚Äôs top adviser on the Middle East, told a Palestinian newspaper that the Palestinian‚Ä¶ https://t.co/z4lZlGAB6B",Sun Jun 24 14:45:06 +0000 2018,0.2023,0.101,0.899,0.0,87
@nytimes,"The first goal in England‚Äôs 6-1 rout of Panama was instructive, and in retrospect a preview of what was to come https://t.co/0jv7GWveWb",Sun Jun 24 14:37:41 +0000 2018,0.0,0.0,1.0,0.0,88
@nytimes,"During a visit to Nevada, President Trump delivered a message he has repeated at rallies for weeks: ‚ÄúWe need more R‚Ä¶ https://t.co/FE5Ytmi594",Sun Jun 24 14:30:14 +0000 2018,0.0,0.0,1.0,0.0,89
@nytimes,RT @patrickhealynyt: A Red Wave? Here‚Äôs some of what we do know: Trump voters have become a resilient force for 2018. The more he‚Äôs attacke‚Ä¶,Sun Jun 24 14:20:08 +0000 2018,0.0,0.0,1.0,0.0,90
@nytimes,"RT @nytvideo: What does an election look like when democracy‚Äôs very survival is in question? To find out, we came to Turkey, where Presiden‚Ä¶",Sun Jun 24 14:08:13 +0000 2018,0.3612,0.098,0.902,0.0,91
@nytimes,@nytimesbusiness @nytimesworld @NYTNational @NYTStyles @NYTMetro Amid shifting global terrain for the LGBTQ communi‚Ä¶ https://t.co/zdYgVnFsUD,Sun Jun 24 14:02:00 +0000 2018,0.0,0.0,1.0,0.0,92
@nytimes,"@NYTStyles @NYTMetro The nature of Pride has changed as well. In 2018, The Times has been telling stories of how qu‚Ä¶ https://t.co/WJMCDn1vUf",Sun Jun 24 13:48:47 +0000 2018,0.5423,0.184,0.816,0.0,93
@nytimes,The word ‚Äúgay‚Äù was banned from The Times five years later ‚Äî because of an article that upset the publisher's 82-yea‚Ä¶ https://t.co/FGwAtPcQmL,Sun Jun 24 13:39:00 +0000 2018,-0.6808,0.0,0.772,0.228,94
@nytimes,"New York City‚Äôs annual Pride parade, which takes place today, got its start in 1970, a year after the Stonewall rio‚Ä¶ https://t.co/oynpIV417d",Sun Jun 24 13:35:42 +0000 2018,0.34,0.107,0.893,0.0,95
@nytimes,How big a deal is a trade war with China? It depends very much on which products you are talking about. https://t.co/JuL5YbaWam,Sun Jun 24 13:30:15 +0000 2018,-0.5994,0.0,0.83,0.17,96
@nytimes,"RT @nytlizrobbins: Inside a New York state-regulated facility for young immigrants, some recently separated from their parents at the borde‚Ä¶",Sun Jun 24 13:12:03 +0000 2018,0.0,0.0,1.0,0.0,97
@nytimes,"A new pattern of behavior in domestic abuse cases is tied to smart home technology. Internet-connected locks, speak‚Ä¶ https://t.co/JHPHPriX5r",Sun Jun 24 13:00:10 +0000 2018,-0.3612,0.118,0.699,0.183,98
@nytimes,The ABCs of L.G.B.T.Q.I.A.+ https://t.co/ztSIXxTlL8,Sun Jun 24 12:43:20 +0000 2018,0.0,0.0,1.0,0.0,99
@nytimes,"5 years ago, the Supreme Court struck down a key part of the Voting Rights Act. Since then, it's become harder to v‚Ä¶ https://t.co/7B6xAbFF9D",Sun Jun 24 12:30:11 +0000 2018,0.3818,0.141,0.781,0.078,100
